Location,Date_Time,Temperature_C,Humidity_pct,Precipitation_mm,Wind_Speed_kmh
San Antonio,18-09-2015 02:23,-2.48915201100702,86.85381327802267,4.885810409989226,14.46964173528446
Houston,27-03-2015 01:19,17.537182814899424,39.588093221411555,0.41872312050061367,18.342312678021315
San Jose,10-10-2015 09:44,33.85806898744232,63.76341160109827,8.951226493643642,17.635999701739724
Dallas,22-10-2015 12:14,18.485070179973714,61.27568258331738,2.6800397102754623,12.697901959581268
San Diego,19-10-2015 08:56,-0.2844222011833999,45.024843362261905,9.008345364052989,29.536394438128116
Dallas,04-05-2015 01:05,13.946018295138238,36.09798754500069,7.642392796632623,16.921301411465343
Houston,26-11-2015 09:54,-6.145895527149322,58.51210614272889,4.7174548670910585,7.3560373686324905
San Diego,03-08-2015 02:22,34.08018683636688,22.367460673981668,8.707668553946291,20.80999770677756
Chicago,26-09-2015 19:29,15.169453104691677,88.56219999219151,2.982046213606999,6.379456608871424
Houston,16-06-2015 11:16,13.645290225108965,62.57056421177008,9.484154312534361,21.350688768589823
San Antonio,01-08-2015 11:41,7.007407006273965,50.70867317731022,0.5950438478215003,0.2344584277143169
San Jose,10-12-2015 23:04,1.176845077700392,35.80111103960204,9.519216455353064,25.555355825308126
Houston,23-09-2015 15:16,32.33623575678022,82.4541447035851,4.925896531674558,2.888008417154715
Chicago,28-03-2015 00:14,31.798807719474027,72.04939836555405,9.414930407615298,8.706748788675318
New York,01-02-2015 05:39,35.64589007385432,53.74967111690605,0.5431789306790091,16.64173284842132
New York,14-04-2015 13:56,15.703028930572486,32.75018566490248,5.146807323388836,12.218710520801285
San Antonio,14-12-2015 06:15,-3.6949107645311363,41.06772253121065,3.534501248620124,10.76925718510396
Chicago,15-02-2015 02:33,22.95942073134666,87.65211624161262,0.7489594306778069,12.61669083681059
Dallas,08-07-2015 23:17,27.46603363503528,41.679402745327295,9.746515293229509,10.767626716725623
Dallas,09-08-2015 17:06,34.26273855565866,30.899694695261374,8.504319828163517,0.5768550832013186
Dallas,08-03-2015 06:06,10.354313582405169,58.71226668109189,0.5413504752847809,17.458277579094887
San Diego,13-07-2015 08:55,4.570876565779594,25.635610406020767,9.051639855776862,19.023701893014604
Dallas,26-05-2015 22:58,5.358406985581208,81.36598052985235,2.815499012002556,15.188543833457176
Chicago,06-12-2015 22:56,-3.812849334578818,69.3355326684873,7.910690036298541,12.279095957348185
Houston,25-05-2015 20:07,38.99855052224409,60.87229487552359,4.433018395432754,7.983979840197626
Houston,20-05-2015 00:56,27.826808097983374,20.077984736609267,9.737917162692348,4.666907813005155
Chicago,10-09-2015 12:10,2.484542901528373,43.669431844058415,8.93920501872162,19.0080116017487
Philadelphia,01-01-2015 21:06,31.386838756593804,45.202005833129164,6.398450368071225,8.342073214056265
New York,19-03-2015 07:05,11.719763364061134,77.3153778097062,3.562611475523174,20.039134596693806
New York,17-01-2015 11:50,38.93086977456398,32.0586694929097,7.742135121507285,28.58423197323116
San Jose,16-11-2015 01:48,30.276119741627404,50.685681770684695,8.084898135887702,26.461816403387743
San Diego,01-05-2015 13:21,37.12942076790142,40.32268741585074,7.316126685104355,9.468309999275922
San Diego,12-03-2015 17:37,12.605040726384377,73.28847225538073,8.015310757869154,27.438098269178766
Houston,04-11-2015 22:48,36.10428787303609,39.75324654450898,9.64572175722193,17.661734087374636
Philadelphia,26-09-2015 10:48,23.792096503943313,44.795769652426955,5.500093167789886,9.959122464471443
Chicago,07-07-2015 08:23,18.251817510494565,80.04129491821612,9.879486920192813,7.579072629209694
New York,14-01-2015 12:48,39.63586812659142,36.915801723145826,7.983852846439632,14.936488949247753
Dallas,13-08-2015 09:37,11.4887846671574,43.77135453668377,5.517747712142419,2.8627980201382783
Dallas,09-11-2015 00:06,19.88283848223575,64.55784278542555,6.434408223769346,13.231941404359546
San Diego,23-03-2015 03:21,-0.005454459248534604,22.307490936169813,3.2782561736215188,29.325293038967118
San Jose,18-05-2015 09:20,14.489200687440604,63.5331386060041,3.214692793819822,17.03991428913362
Dallas,01-08-2015 22:41,4.25365577598855,77.7765990985838,3.69371019528968,19.152056606894043
San Jose,25-07-2015 05:39,18.212629593239292,34.29189947225315,9.457698210328985,29.299437514943925
Houston,28-10-2015 07:20,-0.6794920356381375,49.354842626590255,2.4350414538148,3.1691334320012086
San Diego,06-12-2015 04:12,-4.870687655977365,54.36224791827598,4.115878453498652,19.366079658023917
Dallas,27-03-2015 12:43,1.1393380676588887,40.65033122062233,7.420456367551037,22.51387378848048
San Diego,21-08-2015 03:58,-4.430932209315538,81.54417043056414,5.306698883350483,20.293391909983104
New York,07-04-2015 04:59,32.11032933199508,65.947896662602,3.6080824709602686,4.196028457813607
Philadelphia,27-09-2015 16:31,7.7305546075068,23.271233682966688,9.762448848451774,19.891288013945253
Dallas,20-08-2015 20:39,-0.22430378528403772,77.54031096562807,0.9495846804901953,29.054535051191586
San Antonio,17-06-2015 02:00,23.328565542871154,34.749621788629746,2.752529347112315,26.477166559761297
San Jose,21-11-2015 12:54,-5.563316658356079,35.51581266926014,4.37837553893642,0.5968181601081834
San Jose,09-11-2015 18:13,9.89029982135646,35.87841247640054,2.833470199220444,27.52144894155975
New York,06-01-2015 16:49,17.896385393299404,69.03915030631515,3.8100871448810225,15.055881942706225
Dallas,13-09-2015 17:54,1.4152174957126533,20.175930093848827,1.4212866248596212,10.251347074678245
San Jose,01-10-2015 00:59,27.556751542244562,29.173470410996362,6.077894917042449,9.797772276633703
San Diego,20-04-2015 19:17,1.4454991313899352,28.511837937478834,5.994226120127023,19.95858662667651
San Antonio,11-06-2015 13:46,-1.7705896584978635,56.36253420533644,4.478379537056595,8.5069538114502
San Diego,02-02-2015 02:20,16.586793984947576,47.69036076981622,4.539777038430191,23.935464135902674
San Diego,14-06-2015 00:28,39.668098976832134,48.592981324265295,6.335040518986689,1.846625231739698
Philadelphia,01-02-2015 23:36,3.15993503113293,53.06653108813063,7.664777791942514,29.245807561597797
Philadelphia,11-12-2015 09:12,-8.780423610733582,72.06174661542929,4.192101720697041,4.163768901016801
San Antonio,07-02-2015 11:07,-7.543353521212822,39.2754184050829,5.692032235685306,15.787972081681326
San Jose,07-12-2015 23:47,38.171093682045395,43.34752327218449,7.750802481028451,19.89503784483145
San Jose,11-04-2015 22:32,-3.1677937149637367,57.96834180689559,3.954198973949298,0.7068322064474497
Dallas,18-09-2015 23:49,9.883076300792773,52.82530147200439,2.5524238555752254,2.121527287955568
Philadelphia,19-12-2015 23:21,-6.29450295501874,32.03378553629549,9.11762687561416,25.408330306351175
San Antonio,24-11-2015 07:00,17.02304568842765,75.00817380348984,8.821746645680658,18.80478368136716
Chicago,20-04-2015 16:25,6.459421266531297,76.85385088503637,3.528388365130679,10.13052831452821
San Antonio,08-03-2015 10:16,15.02140898366449,33.818474397711405,1.177144119331942,2.0811327664354
Philadelphia,19-11-2015 05:49,34.638028328572524,52.70951874102742,1.6402608587760237,23.193690364634165
San Jose,16-06-2015 01:59,14.93295276030041,69.4878232277982,7.914364788430389,13.079439448651337
New York,18-05-2015 17:50,35.87552575270407,57.890975550322736,7.403368308116436,9.453690541264155
San Jose,13-02-2015 14:32,39.31236936901587,28.083687936937995,6.682835466608763,26.80633601984507
Philadelphia,09-07-2015 07:18,-6.297582592892089,31.102832557695727,1.0341913908257838,11.52761397378535
San Antonio,07-10-2015 14:07,-5.071534655927348,52.29589279422678,1.2676877745803083,23.669983637205657
Dallas,10-04-2015 09:12,-3.1676197709855884,36.109582173389676,6.40933460851409,1.7916934229669124
San Jose,15-12-2015 18:53,31.96881705123986,89.37507517816486,2.734967909992694,17.037594468730667
San Jose,12-09-2015 12:07,19.198183821161845,79.05332382748037,0.4975494627010124,23.595243908705314
San Diego,09-11-2015 03:43,20.00116614989132,69.0983677424538,4.151917896310689,29.325691773721797
Chicago,10-05-2015 21:45,-7.27890371264149,36.52739184051193,3.564949405455983,7.046191541777885
Chicago,10-02-2015 22:44,21.311610669183782,48.432341011700096,0.9175596280373222,22.598199545466564
San Jose,12-09-2015 15:43,1.4904712531244577,28.96066817550289,6.5696556747449595,5.652325874098329
New York,02-07-2015 07:39,18.14225237556891,55.41479135390092,7.569888051504851,17.023249412529932
New York,10-02-2015 16:22,15.298144665531453,28.87781824292241,1.4480286755571448,23.352090080880707
Dallas,10-04-2015 15:40,-8.942061818578336,24.459238460204695,1.0401207469290108,23.111105156370336
Philadelphia,04-05-2015 22:18,31.1050546454116,40.94772985332434,9.316993485898237,13.594879731009797
Houston,17-12-2015 08:57,14.085594396569455,45.052837123718476,7.1982354804268684,5.055065087481397
Chicago,20-12-2015 05:41,36.87171697607356,49.36139782495869,1.8511150852119018,8.977311453417967
New York,23-01-2015 22:00,27.445128079272166,37.09434905677189,8.227190677590677,29.80828046931378
Chicago,24-03-2015 16:03,3.9211068587335625,34.0048723883575,1.4547199107120723,26.726918806672128
Houston,09-11-2015 06:15,19.760249786983383,58.915069780554575,6.781063335572077,23.460927551467023
Philadelphia,04-12-2015 20:58,36.64273113827039,82.17506586635196,2.052014911260981,7.122482198049937
San Diego,11-09-2015 22:15,-7.376790182932255,59.6576782617259,7.429867762948943,23.489009659162285
Houston,22-11-2015 12:26,35.527731596863305,33.57236266126647,6.097632242031356,27.036031784153117
San Diego,09-02-2015 04:24,22.194449307168846,88.51226027167804,6.267542279080709,13.453289152357701
Houston,16-12-2015 03:34,5.896216349799319,72.9853515542053,2.4676694140164903,28.159066999714746
San Antonio,22-04-2015 11:53,-8.017546366930297,36.23592214239214,4.734864111943575,6.760183433375887
Chicago,11-02-2015 08:20,36.148534713326626,33.29789563092266,1.1708484521144191,4.761036786511386
Philadelphia,19-05-2015 04:01,19.356711952933395,85.99359972006266,1.2722845504603808,20.233939514020143
San Diego,08-07-2016 08:52,29.27515159846069,64.63710662440971,9.991250150051714,26.26856762610723
San Antonio,24-02-2016 02:30,22.672755078241437,24.0526174233418,4.56569533145024,12.9976126688213
San Antonio,13-11-2016 09:51,14.223047802028631,20.88750905597035,1.525823290603212,14.695056447036848
Chicago,05-10-2016 05:46,38.07675251196374,68.5705336082737,0.023640254085289802,17.277204655600105
Houston,05-02-2016 20:25,11.845887807361354,84.61009997727625,8.562126131191315,7.054413864409685
San Diego,21-03-2016 05:54,5.669470221468352,61.39719629903413,2.1224486432858383,18.680049333735536
Philadelphia,04-07-2016 09:59,-7.5133889701163215,53.95197517637236,9.63750423392917,15.286646691404233
Philadelphia,09-01-2016 04:48,7.522522422107556,58.190992058228815,7.946567487174354,6.705139838798218
San Antonio,26-11-2016 07:05,15.14826241295011,88.4735512150771,5.934810380172246,7.856304310406984
San Antonio,04-01-2016 18:47,29.003192290051828,23.74829008069543,5.122761916469065,21.912668498707298
San Antonio,11-05-2016 14:38,7.160462513162102,84.31885336812081,7.159439402664979,5.6149911604122495
San Jose,09-08-2016 22:57,32.2447604961648,86.50739879251117,7.5589676176601035,7.370291495494136
Houston,09-11-2016 02:01,31.390868179047715,67.74672050158975,7.2987248403488305,12.32183717644753
New York,17-06-2016 16:16,31.10660569477185,27.84263392400804,5.952913802861943,3.6272206182267377
San Jose,25-06-2016 11:47,7.648495311136891,86.79780746335896,0.8803803508750419,0.3192171002937505
Dallas,02-03-2016 12:53,13.3784173115341,84.62197568793502,9.996830045001118,23.334650122603577
Philadelphia,01-04-2016 09:08,20.457326491192205,45.1963007724106,1.1876798179374537,22.79865721440382
Chicago,05-04-2016 12:07,23.260728618524652,48.251882420391155,7.077246605006717,21.89415916064445
Dallas,22-05-2016 09:39,28.032358718301595,52.06999731369281,0.31473625288968243,13.634122746793746
San Antonio,24-08-2016 05:02,30.89018217538846,41.01779240133803,2.76503686992546,9.719182102190423
Chicago,13-01-2016 07:35,16.45468888974091,38.986362533867116,7.490326254560397,29.603379501818456
San Jose,06-07-2016 16:00,-3.8181009106710313,34.30186194017685,5.980195523462292,4.448673976880995
San Antonio,02-02-2016 12:28,14.80365179508578,39.67990097391497,8.434095563192162,13.059410124184078
Houston,08-06-2016 06:16,28.902397601228508,66.76399322056585,3.4047021786224994,15.093015172257813
Dallas,03-11-2016 18:02,-6.891517771504248,56.74899678976192,1.4206776670764498,26.39693056795984
Chicago,21-01-2016 16:16,4.878095153488651,88.0360644094241,2.932220505353972,8.414308443378214
Philadelphia,20-10-2016 02:38,24.680339024702597,58.696279082612506,3.2655887347673183,5.983040361210974
Chicago,09-11-2016 12:26,1.759833560271904,81.91286356741549,1.5492458268155074,26.216498286189218
San Jose,13-10-2016 05:54,6.535491289228759,65.42363815124727,2.7405781342316535,7.55830174101575
Dallas,11-11-2016 12:48,4.95056448139378,59.211296364024726,8.859432416464335,26.762298958337734
Dallas,15-07-2016 09:40,16.18458864436086,57.672595419036575,1.0630676678214879,13.029458374001003
Dallas,05-01-2016 19:34,35.77691473300698,53.799785752703514,9.174556838187682,8.876203086338744
Philadelphia,01-04-2016 18:13,-0.055809865367065115,20.839157057707116,5.062042558609754,29.9702359898724
San Antonio,09-07-2016 23:11,8.442776272891198,20.63618530599274,5.067231668132219,17.80650192243878
Philadelphia,24-01-2016 18:31,16.256858313732913,34.21659149114807,1.1133411168914942,20.141580383727188
Philadelphia,17-02-2016 17:35,13.04960802692872,26.617593052947885,1.7532641992326925,28.483024840021823
Houston,19-08-2016 01:14,-4.498622936662019,69.34301203067187,1.576589000728963,18.53500462490085
Philadelphia,14-11-2016 20:37,-7.273510597451718,44.60471823506767,4.061778599713998,25.258267354420198
Chicago,20-11-2016 18:28,-4.016349376723646,58.46326521289765,7.784248048199757,28.39728511187236
San Diego,26-02-2016 14:47,-2.508703600316389,81.52795076995866,9.662034788741572,27.903314423319443
San Diego,09-10-2016 08:45,38.927644944622664,24.38774194457698,0.28594823306528516,28.292269738491665
Chicago,13-04-2016 08:53,9.92436417218854,37.57861295626374,3.7615219851042045,27.558386623810193
San Antonio,01-02-2016 09:10,28.301568174989697,51.514314852756016,0.8438239411142068,2.3699902213797053
San Antonio,03-01-2016 11:32,16.92280723672341,62.51094932008172,8.079639858829527,16.035694883991145
Dallas,25-01-2016 05:20,25.607753445379323,42.99606690817387,9.024568871631544,7.18800728285868
Dallas,08-10-2016 01:43,10.188889701351194,65.2913140904756,4.330430465764856,4.284190872988116
Dallas,25-01-2016 08:56,29.471145567068262,24.090671697891388,1.749973497828845,8.70165411040692
Dallas,07-04-2016 10:35,33.207929536555554,81.79603856060183,0.40401649924900473,13.447553599115237
San Diego,24-03-2016 13:59,-8.23606005195879,81.54698745623989,0.21390834478394738,28.76852166694723
Dallas,27-12-2016 22:27,15.855849130253421,53.27355491428087,6.880193571396168,16.034761799516062
Philadelphia,07-12-2016 13:10,5.607494594613842,33.413034159784,0.2182866672388184,18.845286757011436
San Jose,19-04-2016 18:53,26.01559201361964,42.97536299889174,2.4924348926536943,22.52084591695392
Houston,28-02-2016 02:43,38.340217011987384,73.03313795916961,6.0591264233310325,5.914679772879494
New York,08-03-2016 04:07,4.2084817122703715,75.51228793182779,3.230856662093128,3.0230426948503917
New York,21-10-2016 04:44,2.0010480225216263,64.29828052074635,4.317822805200503,14.906955224703896
Chicago,25-06-2016 22:16,25.734435171830235,47.271405169770105,5.13255024221746,13.559374015393102
Dallas,21-03-2016 05:39,31.543864860153434,44.11888660447445,7.1875425443531284,20.482225898075928
Houston,04-09-2016 10:02,-9.432822048558922,37.71809861598649,7.667071881276227,1.0753732799726468
New York,07-10-2016 01:28,8.168000805980206,80.98929740854751,5.230471467129298,6.7122702757202575
Dallas,24-09-2016 12:57,-6.647082001352852,42.23180830092683,2.883068147436747,29.353817250106122
Houston,10-06-2016 13:37,19.714440126932036,66.91831562880981,0.23450332555728148,18.024060883297917
Dallas,27-02-2016 03:55,22.809783422771396,48.94311438985228,9.933376766470136,11.20238634357811
New York,23-08-2016 23:38,19.843019440489112,89.72627325284817,9.36054030203138,12.017438614480698
Dallas,06-08-2016 00:44,21.932109194339688,78.44199600083377,2.0081400310800204,15.51245673759954
Houston,20-12-2016 18:33,38.35228078399352,85.97909834432268,2.455308604387234,8.050203070346814
Dallas,18-09-2016 09:06,-7.037263681503433,62.76151851055343,6.387774819722008,24.16217918121821
San Jose,19-05-2016 20:22,-5.283024129965571,84.38285605783143,6.171755995615077,25.29314331819658
Chicago,01-09-2016 23:03,17.322428333725334,71.57683690621707,5.994468588702989,24.48038892157748
Houston,26-05-2016 22:12,3.54461559804146,30.823226834510383,9.033958832394243,6.381524050715263
Dallas,20-12-2016 08:17,9.170129017124864,42.973179628021,6.645982896094656,13.923683451306655
San Jose,09-09-2016 16:16,17.611342836170966,83.31313231640553,5.04156256573432,11.89761839150724
San Diego,26-06-2016 22:25,0.02515974170768942,87.1683203679988,6.112984091987618,1.4592345468950452
Houston,07-05-2016 16:14,17.829623385394342,56.91201818155372,2.0622128027250675,29.121020047227635
Chicago,08-10-2016 17:46,-1.3479797581979724,51.51540537789334,0.40757854651156333,16.481463466278626
San Jose,09-09-2016 13:45,1.5030382558124593,29.993639792678685,1.8570550925702067,10.951881732738343
San Diego,11-07-2016 08:13,17.63471996793071,54.57530728304462,6.827597876987436,5.063136792403436
Houston,18-04-2016 06:19,-3.684156842032129,46.6298387126768,2.0876359013853376,17.992397699573768
Houston,08-04-2016 15:30,-8.981077945834967,61.686446602459746,2.2075257254812897,1.5873349955158322
Houston,07-07-2016 21:12,20.674101214509204,38.332014742535755,8.367798356787794,17.629097771969064
San Jose,20-04-2016 22:46,4.2376097251367515,40.060804955547205,3.8731455362891944,2.2188482067075466
Houston,13-06-2016 00:42,25.280995341691195,38.58173524200038,4.926706664476782,21.844741210921768
San Diego,13-02-2016 08:11,-8.431321081354367,21.43953977277759,4.176047862704761,26.84733631697361
Houston,14-04-2016 23:47,26.361428722762604,64.3101592628028,2.6595399807414823,22.424747890235828
Houston,22-01-2016 15:49,30.48499173638576,52.87500743367375,3.593044580889476,0.3554969206898806
San Diego,06-07-2016 23:41,2.7084498662924865,67.05471137300972,6.492167456725195,25.77237802686008
San Antonio,24-01-2016 10:50,8.826559190241412,59.57425011506557,0.9046623259691977,12.934463313453081
San Jose,13-10-2016 15:23,-7.309698935834116,42.80944274822174,8.007607142541529,9.573811562284556
San Antonio,14-11-2016 03:18,-8.116572913838779,74.14539812421664,2.4125523802555024,25.33946256264871
San Antonio,01-02-2016 23:20,11.77738005303122,50.40768682478205,7.071362653050032,2.8433585143174236
New York,06-08-2016 23:28,25.968695621411058,62.54757251690913,9.450559824758436,24.72509097178038
San Antonio,23-10-2016 06:43,7.441741055476456,87.14654087249274,4.86032335171123,6.9981122927193615
San Diego,16-04-2016 14:25,23.691956470867332,65.32837394011649,4.298406825028909,28.22078634735542
Dallas,17-02-2016 20:02,30.591949922046737,62.43698096403079,7.351162919407903,17.56648985902247
Houston,24-06-2016 10:31,39.63421233254803,43.62770466384239,5.087815479532921,27.954084491249407
New York,04-05-2016 19:28,2.8957278194934517,56.24074112874073,6.662722145819121,1.9530939687759818
Dallas,05-09-2016 05:15,0.5414602281897132,56.47050494849867,9.998065189305358,1.9275251203056099
Philadelphia,19-05-2016 05:19,-8.444212907576196,59.84271493363905,1.505408758196326,11.893927233181907
Dallas,04-10-2016 21:06,33.8710527436675,62.84703486972242,1.7157074244775394,27.99401167034314
Chicago,22-10-2016 01:19,-3.945438137181764,25.97658208329721,9.615137142535986,18.55885261594975
Dallas,05-03-2016 00:16,34.14137047384141,45.17084605660878,0.4252131794088676,13.82025021689522
Philadelphia,16-02-2017 10:53,8.279073804514784,77.762339386132,1.027609306184194,16.678844182308627
Chicago,16-03-2017 21:02,14.06209939215882,55.96605113940109,9.086386017423047,12.001039520894738
Houston,27-06-2017 18:14,23.563004051955303,68.76043480586773,1.663388552386097,13.579445035480754
Chicago,13-10-2017 14:03,-1.5146778595745616,26.47197066496089,6.94539225006438,21.346382949088177
Chicago,07-07-2017 00:01,35.05321842030714,39.24741318706936,5.611322114773081,21.690316765571307
New York,27-03-2017 10:20,38.26842822319461,29.03495337149572,0.9235625034784045,16.80466208654713
New York,08-01-2017 17:20,30.985642603625678,33.655816643141286,3.3045029080641886,22.329824156838946
Houston,04-05-2017 02:29,35.19798823368196,23.732275360507458,5.974630338835473,16.578122161999435
Chicago,04-12-2017 09:38,32.64472284238845,78.22267141249135,2.4395456201689694,2.2952535335789417
Chicago,20-03-2017 07:49,37.38791849375006,77.16154460672496,9.602363117072336,21.718124316880335
New York,26-06-2017 12:31,21.205947414071915,66.62191198044117,4.767322592529114,29.182795852408383
San Diego,12-02-2017 16:39,-1.3201347444075004,21.535506076908344,5.741176135233666,11.29524068543059
San Antonio,14-09-2017 02:13,-3.8615729674162402,75.74697978266424,9.527739841676118,6.088845004914773
Philadelphia,21-01-2017 20:38,4.476808157378073,74.03028072296055,7.7175173197275395,18.091447798838434
Dallas,16-02-2017 04:25,27.85673971666194,51.06806131741831,3.147216477820475,0.7936527233152768
Philadelphia,27-11-2017 15:42,14.276714397210768,47.15857356907246,7.594268986569334,5.098416780580579
Dallas,22-12-2017 10:00,1.7606165947462706,20.466357309092547,6.242110801297439,15.541045813095014
Chicago,15-09-2017 09:20,38.03096220822163,61.64698811307529,6.5275214570967215,12.894337889487206
Philadelphia,20-05-2017 20:59,26.97097031833909,36.46320323609771,8.195118994113068,7.716235538194715
San Antonio,06-12-2017 04:54,-0.014462244979743133,61.396272756752126,0.06818730334447798,23.918974303236038
San Diego,24-03-2017 02:04,-8.655816279943542,83.14597179782328,2.2859231070067487,12.97119856793955
Dallas,21-12-2017 21:33,12.530805238071384,66.41577606851044,6.51670026121335,22.93953248357655
Dallas,17-08-2017 06:20,23.301328362872965,85.29774749583517,6.7138128950985845,6.880733499611841
Houston,06-05-2017 05:38,39.32044667336194,45.0919898951985,7.532268180271093,19.513249450666617
Houston,01-03-2017 16:33,33.14155794672076,85.22396987141408,4.47211295950268,13.908520492179687
Dallas,25-12-2017 21:39,23.619873188134797,39.56136319387541,3.0346507193748797,13.865781198915398
Chicago,20-04-2017 23:13,34.11569716933834,51.50998451984043,8.319044022662489,1.4308109556119286
New York,03-07-2017 00:52,17.844646921956823,38.34294033343839,9.166159168383658,1.8140192392542365
New York,20-12-2017 07:58,13.921711655937688,83.82958108551112,6.802345415050533,19.52505531258328
San Jose,02-04-2017 12:39,39.72245893010899,28.029462244967185,8.816454382656943,7.008480895605745
Chicago,12-10-2017 21:39,28.674666550647522,42.490716163856376,5.034437306170404,25.89563045360026
San Jose,15-01-2017 23:11,3.203748666500214,88.35480104805393,7.142122562864741,28.74522092053393
Houston,22-08-2017 03:39,-0.74929133256523,45.28093369103193,6.095119168740205,14.093221573102586
New York,13-07-2017 05:13,-3.208485178325012,30.37485291271453,0.10654528405291797,18.554243777044608
San Jose,06-07-2017 11:50,12.075268199147182,63.79428517329516,8.734957899805345,10.940301681843916
Houston,16-02-2017 00:14,37.4810232671821,36.58812960928901,5.589913735429819,3.43697053065939
New York,28-06-2017 23:43,11.074435440497052,55.789201863371545,2.3130538677778443,8.927779452945753
Philadelphia,03-08-2017 14:01,-8.88903977823389,24.449186816846407,2.2380524417757988,13.43429897401583
San Jose,07-03-2017 09:00,4.484142866526668,60.05813665937326,9.34020471764066,20.30430664231163
San Jose,13-08-2017 05:56,4.255412103022774,40.822782594363,9.167074551253396,2.729852364820328
Philadelphia,16-12-2017 19:23,34.26905663837618,74.31359282695891,6.91943186606056,8.533393086019078
Chicago,06-03-2017 08:55,-9.72947237901446,46.54364907690248,5.726179000660377,4.301306580972079
Dallas,14-10-2017 02:50,9.485381982617067,28.462996685295593,1.2424990014752546,18.229479772330954
New York,01-03-2017 15:13,-7.36158194962552,41.27127155988219,9.716558602910293,20.958676345453547
San Antonio,01-04-2017 01:17,10.689169245025056,45.49034445886879,8.935693547366219,8.328552709929273
Dallas,02-09-2017 02:19,9.928452576988263,54.93238061818198,7.6522778799552995,13.289136792351142
Chicago,19-09-2017 10:56,-4.581709447537027,63.98797610366677,6.132506328439716,3.7647981475111947
Chicago,13-05-2017 00:37,13.379232194000572,36.92904108661421,5.423374384439611,21.11092491851131
Chicago,15-04-2017 13:36,33.34959308787639,74.521062983566,6.656908438697043,11.86187059595778
San Diego,12-10-2017 06:23,11.073484010964329,75.7111258395922,2.5092892934594557,24.930099121285476
San Diego,05-04-2017 18:33,8.692404987435562,20.56275625298357,1.2043807460110978,22.80255721339683
San Antonio,28-09-2017 12:54,39.09759770512188,28.233666738574307,1.5714202281626177,27.85683132609368
Houston,13-07-2017 02:45,37.68214344882356,63.6578951160726,1.3341319100036964,3.105644546966367
Houston,23-01-2017 16:11,31.341041563888254,74.6946236568958,4.763210740784891,12.306772472876109
Philadelphia,07-09-2017 21:01,20.354358308941144,21.87257469282406,5.985850121589587,9.958528111028528
San Jose,23-09-2017 01:59,16.135641999336173,25.407178331294038,6.21359745830455,21.145370255535237
San Jose,23-09-2017 11:39,31.171623175316284,48.42569550630047,3.501475014731045,11.742704242945289
New York,09-07-2017 10:41,-9.351223326511546,54.25968936757512,5.686879292162672,17.14631539446014
Chicago,26-05-2017 16:16,-9.39581149239946,22.329814976757167,0.335988286487624,19.26013866484327
San Diego,17-11-2017 16:14,-9.658283163259693,22.11947342444405,6.35766913031203,21.809129243261005
Houston,08-05-2017 04:15,19.994344904388125,29.65953212692331,8.089060504608753,6.92029644867771
Dallas,02-08-2017 15:02,28.46465166898654,75.33481701173885,1.437106056281836,27.832008998460708
Chicago,06-03-2017 23:10,22.004219665740372,82.84514673850097,6.093668431575027,17.67107708431616
Houston,06-01-2017 19:44,5.429721463920181,35.25386689594137,8.655979354877573,16.9495361118612
Houston,03-08-2017 16:37,32.95852193600741,29.982798377629116,2.5254916918774697,1.1389648769103644
New York,09-11-2017 04:11,3.5084848018072137,61.60159287668473,2.687380910448911,25.702041562317373
Chicago,07-08-2017 08:09,33.02006038170657,60.26263302541878,7.193006904242102,25.57696059199392
Dallas,10-01-2017 03:32,10.16655954043512,40.64829985314411,4.03296145657472,7.447028155677492
San Jose,01-06-2017 04:16,27.76804272232198,78.32600239234117,3.1220142107793167,28.655606342602464
New York,09-10-2017 07:51,-7.102077305026024,25.51320795462444,0.1090803361840309,13.204713461280702
San Jose,06-10-2017 08:50,35.82841800304768,34.67897232106812,3.07703496596604,29.74812813884941
Dallas,26-07-2017 13:25,15.95400174929432,61.75313875767797,3.579257431806917,28.04131106268147
San Antonio,16-06-2017 17:10,-0.5574685726220512,87.14185996858835,7.385101940847788,8.110075965375616
San Antonio,08-11-2017 13:10,22.46556324908026,33.22332404464705,4.0511738060363465,13.375362472164296
San Diego,22-01-2017 01:05,-1.518771153047041,45.95294227818944,7.298837177686146,28.16612977901466
Houston,20-11-2017 09:30,-0.8262689171911273,27.66050948479832,8.887876846191405,28.024355891817986
Dallas,18-07-2017 00:22,16.042822881058548,75.63078227073234,7.93661494220495,14.016782189684507
Dallas,09-04-2017 22:03,15.362949083893433,26.212271087302675,7.781533910938005,18.246115136755034
Chicago,27-08-2017 00:56,26.869988299320298,49.42588378550248,9.693311293583704,13.690145602217656
Chicago,23-06-2017 19:53,9.166112397507124,83.67787401247668,1.010515911563985,11.03011403038209
Philadelphia,28-11-2017 00:33,8.51946835797666,53.73387712278198,5.449281119743043,21.436781909491184
New York,07-01-2017 15:51,5.689853924593445,70.37224984281748,6.542338167635274,22.116491953908316
Chicago,16-09-2017 15:22,26.798253148490517,61.88733054183117,1.362003612005509,1.741594226334583
Chicago,23-10-2017 13:46,14.2484172431576,30.358533970994678,8.11517009592256,0.1654875078582274
Chicago,06-09-2017 17:56,-5.986131814426323,36.10816347437142,3.968911971728344,14.567666037411021
Philadelphia,17-11-2017 02:27,38.897699568065356,45.95420566460193,4.832175769553842,24.016042772879516
San Jose,03-04-2017 22:01,-2.691699176284609,27.725990963312213,1.0154912629223833,27.36133814016248
San Diego,07-02-2017 08:02,37.33125351397655,55.58646319397787,6.136619688734085,12.752550018368789
New York,23-06-2017 02:48,-5.73848059973113,87.70626422536421,9.659218357038217,28.899074002059816
Houston,17-06-2017 10:02,33.99859460151853,85.36773519793508,9.325463129650672,12.736253165322562
Philadelphia,11-01-2017 22:21,26.347394625404483,80.59935954480852,6.064413043134512,10.316608780688437
Philadelphia,28-11-2017 02:58,-0.7397766211803294,35.17669235540275,4.914647419065551,24.157627158168314
San Diego,10-12-2017 13:04,36.12647560189178,66.4568274936039,1.8996964399394511,7.863802566769219
Philadelphia,20-08-2017 04:43,11.137008798355822,75.91525841780121,1.731027366781872,3.792116673979873
Chicago,20-01-2017 11:46,18.969315799513044,42.319451491165566,8.210881637098652,0.7774297692109566
San Diego,02-08-2017 00:02,8.278479375903029,35.48877969864225,0.17521954709532217,16.66907755162525
San Jose,02-02-2017 06:56,3.139891749268429,80.59913622926994,4.3807663393286855,28.385888252293558
New York,02-05-2017 13:00,10.291526248979952,62.09410591259705,8.725321611390083,22.98983224263837
Chicago,19-01-2017 01:35,37.27042492400053,69.0332275380081,3.879358882701437,7.7324803830700075
New York,24-02-2017 01:03,13.493225606465145,79.07087542743255,6.1276505263968675,15.968118577238123
Dallas,20-07-2018 14:01,0.9692479715297004,74.05285304004045,0.2696824458133018,14.011578670986694
San Diego,18-04-2018 11:17,4.008978820271507,41.74530531149056,0.7872138508791915,27.62072278576279
Chicago,06-12-2018 03:44,5.768801293129291,67.06431521151683,0.9584735256709298,0.9701627904889754
San Diego,13-05-2018 08:18,30.061470829615992,71.9436596777276,1.1382779027307643,13.915752590238572
Philadelphia,22-04-2018 01:01,27.21274572772588,38.11455732696349,5.681051091371679,14.883786412365044
Chicago,13-03-2018 19:02,-4.310126664263461,47.11760580970157,0.22595587036607578,9.1381193008784
Dallas,18-07-2018 19:38,-2.005331433200693,50.46966976079366,2.939655379680449,24.73464733032035
San Antonio,02-03-2018 12:14,26.67940299128597,37.4102914101235,3.641806906655166,18.425308624608192
Dallas,10-06-2018 18:37,8.999299049546277,84.26368125177412,0.6028637725055008,22.85580152392563
San Jose,23-04-2018 17:19,-2.152913424924499,67.04527190662242,9.455311204701756,19.71786260432458
Dallas,12-06-2018 02:25,27.450569035806573,88.9097444212526,1.6182796497039897,25.17089676799155
San Antonio,02-05-2018 06:31,0.6106713078161228,57.635531606287785,1.3123951110492682,1.6447581075538953
Dallas,22-08-2018 00:12,16.76428671826215,48.5457362844171,9.297261819101802,29.867468060753914
New York,08-02-2018 10:05,-7.194791940343894,71.64985804679773,0.48715224328313655,11.5196300680133
New York,04-06-2018 09:52,33.50367687799152,62.20584940129828,8.584617973510332,8.72744030474603
Philadelphia,01-08-2018 15:26,-7.141215416859844,72.23361396243945,1.6104541581201814,4.769862838535987
Dallas,08-07-2018 16:39,-7.00475495928308,88.84349510407125,2.747674671350816,11.535611013431916
Houston,23-06-2018 21:17,11.981842150619517,73.16503226380544,7.28341043490291,10.998808577464375
Philadelphia,03-02-2018 08:58,22.286237214506833,50.85848928830674,8.758662229834137,5.6196902022063355
San Diego,09-02-2018 16:47,23.590023580384184,34.42973805456485,3.3935955034292276,18.92559386687596
San Diego,09-09-2018 11:31,31.29526118859902,68.9614091754665,8.861220300201667,2.5371394977982566
San Antonio,11-02-2018 15:39,24.67555565806711,51.78640166220791,6.910508424298511,29.744128089043464
Philadelphia,25-04-2018 05:41,1.2548555770487617,65.23487570863443,1.9186666500104388,8.022356800330554
San Jose,27-05-2018 17:58,10.303712177550693,32.473954511835345,8.229232504830794,22.593286979858462
Philadelphia,09-04-2018 09:44,-3.0148911292566885,41.059739138529665,6.745695884936317,2.2846354291533566
Philadelphia,12-10-2018 12:44,18.12903170258095,37.946611804914035,5.268198796531838,15.661160512833542
New York,06-01-2018 10:18,29.217695459396417,50.34244967566302,1.7487665150718557,17.05390259831244
San Diego,05-04-2018 04:09,13.545599762527093,27.931697639739017,3.9842717294784338,18.804042509102196
Chicago,11-06-2018 03:04,30.90601606641728,60.05714135239088,3.8728779341610697,26.145945175324123
Chicago,13-05-2018 07:18,38.44245139075582,58.96392698648393,9.156259235604619,28.60337253935907
Chicago,13-03-2018 23:34,15.756141278199635,58.79271400849924,3.4864805107220933,12.256559016763392
San Diego,09-06-2018 00:19,-3.5478545116117832,26.604945750434315,7.410138027098205,1.947207182534627
Chicago,15-01-2018 02:10,29.65134197194954,23.422706173227176,8.104141395834471,16.337516493632236
Houston,14-08-2018 05:18,5.280976539577345,24.774811239108963,4.345939987198012,11.178920995196073
Houston,12-04-2018 20:42,-9.548324401422922,69.49445523659352,8.364531699100437,14.432311676597413
New York,14-02-2018 01:54,-5.684169761612125,48.390071539154,3.033085190862889,16.824457546859037
Chicago,01-02-2018 05:43,22.518212016126824,84.73376376831943,5.955682187103832,9.605909210180206
Dallas,27-12-2018 08:38,23.424435066489558,89.84067583934278,2.273592099332892,27.625580286532486
San Diego,17-06-2018 03:03,0.09960579438391548,29.019989696423803,0.08596910445926254,21.90686630189772
New York,23-05-2018 13:55,15.261988793723578,32.92311556714624,4.477991405634412,11.738996248728975
San Antonio,28-07-2018 17:55,2.9691761495224043,78.37143763693444,7.147257427950917,0.032584946024557526
Chicago,08-07-2018 11:04,36.34356007464891,33.63222050058803,9.321401569912075,0.5149588520773074
San Antonio,26-05-2018 17:23,39.74535430159509,73.75132712868367,2.393180052420755,21.570474543506364
Dallas,14-08-2018 15:18,21.24539372688439,68.75184558582772,8.270540048843941,4.6234212085924025
New York,06-05-2018 12:33,0.6872167748310645,28.277266824433504,2.5405718623910856,14.983446070874836
Dallas,07-09-2018 21:10,38.43168225818463,75.4444177390429,4.059064354112666,21.801774710220563
San Antonio,25-02-2018 01:24,24.866425779170193,70.93832520537718,2.5612116439195445,25.746731589760508
Houston,01-08-2018 07:41,9.735114793344444,31.193239272035356,5.998403015256776,8.133914860440031
San Antonio,26-04-2018 19:38,1.4465128966873877,64.4227278447851,9.467223270644618,10.75822276984727
San Jose,10-03-2018 11:55,18.192667861194394,75.53709248075776,1.0204517601980123,18.613048084860402
Dallas,14-05-2018 02:41,16.19831379161546,82.35756111453543,1.9393943841417516,24.578005411996177
Philadelphia,06-04-2018 00:50,30.23720581764507,57.04697852595062,8.612496085111637,20.667325392336792
Houston,19-08-2018 23:02,-5.302195425952369,73.04438035760509,5.492474759167964,18.937694505635402
San Antonio,15-10-2018 01:03,34.56805996895083,70.74687468096795,9.797179209335468,8.54973434905297
Dallas,18-02-2018 05:35,0.49167201809357763,36.16426592034341,9.034847516179079,9.684966189391949
Dallas,07-03-2018 04:46,7.7639751761577465,76.35926197704681,1.6263892625587573,21.48019261978894
Philadelphia,16-06-2018 23:09,39.04060561098974,25.289893447571924,0.9222237554718893,4.054629623252682
Philadelphia,17-04-2018 18:54,39.395279994289396,30.92372972745155,1.5443757684352188,26.620221843974686
Chicago,26-11-2018 20:34,39.34653442050062,85.80397255126465,7.72710769186988,20.41132165988459
San Diego,21-03-2018 05:07,3.469988675063343,40.55490876021722,5.27727109346742,10.460249039851652
Chicago,25-02-2018 05:26,9.557193902112651,40.780240057377874,5.018813557608016,9.925107865691288
San Jose,21-07-2018 05:51,8.225444421457045,35.96968304074323,1.624689721432352,4.5434353994432355
Houston,22-04-2018 15:36,-9.153010363138971,66.607918329177,0.5751802742187084,3.288014247022316
San Antonio,22-04-2018 18:36,23.35996625845862,87.14683562387155,2.0480225694025354,3.5772599705571273
Dallas,22-02-2018 22:10,-5.462977947573558,55.86864792531237,4.0915999361073085,13.972876007620233
Dallas,28-09-2018 09:31,28.51976444800436,52.5909528709639,5.185723572811377,10.499116233398475
New York,28-04-2018 05:29,28.75834132207953,30.033410834621037,7.751044325544992,5.9487623238005956
Chicago,10-02-2018 07:37,-0.4242710679044439,80.63114977629905,7.934248729853045,10.008382042688824
Chicago,27-05-2018 19:08,34.96679216581112,31.199342600375886,9.217486750516944,27.926686037610345
San Antonio,04-05-2018 14:59,13.479618469645814,47.698703787741145,4.300700382503225,23.79053499776188
San Diego,08-09-2018 20:42,38.953026845263565,20.699859878742707,5.1987695419558255,3.624064447706802
San Jose,14-03-2018 15:58,35.92666400073819,35.91101925967274,4.238662097657443,20.9664969806993
San Jose,01-01-2018 10:25,-1.617166814455853,69.48073734187685,9.60400760455769,16.514648204205685
Philadelphia,01-04-2018 09:54,-1.6994407133466911,62.18651625522265,8.738197936481384,27.234272293444814
San Antonio,06-01-2018 18:15,-0.7826602705454349,78.9571874051345,4.45727400234834,20.022379179502934
Houston,01-07-2018 19:03,3.5682912473477195,26.111343868762347,4.897507336360645,3.687924661788271
San Antonio,28-10-2018 21:33,26.038261610355818,85.48805862050132,5.330633263255847,16.61459349731904
Chicago,10-11-2018 05:24,18.72758507119241,49.471100821995776,7.092216076920398,7.484848033693573
San Jose,09-04-2018 20:05,6.8116311262952465,52.405830142492064,9.054598276227704,24.45338713912028
San Antonio,19-07-2018 01:57,30.692708575581534,36.42858918457445,5.60049544660462,2.4041818223257074
San Diego,21-12-2018 04:32,-5.9783630433045545,29.812132210934006,6.482871036907927,16.991376971169153
Dallas,10-07-2018 16:24,-5.467688881556157,30.189540800284153,4.419637435011781,26.318444803603278
Dallas,04-09-2018 17:40,10.753139184443548,21.341862763197412,0.4944789515395298,16.138355754915903
New York,19-06-2018 09:34,-1.974112548740738,26.28834592068947,0.44618042850236406,8.335109887860735
Chicago,24-09-2018 20:56,16.611718224657256,81.88941464730348,8.79551436863221,23.252518734066847
Philadelphia,08-02-2018 18:29,-0.37185943552645284,62.83082038104331,4.861092543136812,19.2329486619025
Dallas,18-09-2018 14:09,19.092843763238296,52.44997020692895,7.858517235397132,3.017875248989329
Houston,26-10-2018 03:39,19.102259892447,63.58795563113517,1.1610234518094042,11.042452413514168
Chicago,20-04-2018 10:46,-2.6038243105461625,34.43978059452334,4.243387448367728,12.87493662379047
Dallas,19-03-2018 02:31,27.460828065762605,64.98144137477667,9.96199124511072,8.394861106758494
San Jose,11-08-2018 17:14,0.9743260741788085,48.33878925001012,6.3775691938242405,28.213570250237748
New York,26-02-2018 07:09,-5.699287172554154,27.796819727436834,1.43124826308769,2.442549177127351
Houston,06-12-2018 09:34,19.39088739233973,65.09286044662916,6.101872006321427,11.35467300188876
Houston,03-12-2018 14:17,26.196083534150276,38.568177172009726,1.2507432724332246,12.816086836073042
Dallas,01-01-2018 07:34,29.19426871336828,39.34511831881239,8.105821426810058,24.486800492084164
Chicago,20-12-2018 17:19,9.37328309858568,80.7903288952862,1.5832172062668326,15.923571884752736
San Antonio,08-08-2018 06:37,16.884877190640932,29.26898579568173,8.814288312739224,22.320704839322076
Houston,04-03-2018 22:30,31.69255032211148,77.28983703246895,0.13366483627460735,26.075878025463897
Dallas,06-04-2018 03:48,7.281938729607393,87.36048029009142,7.738088594591356,5.357723341418469
Houston,20-05-2018 18:08,34.026236711846494,65.54846161836502,7.803173232067083,21.428101794537746
Houston,10-05-2019 14:44,-7.266393545537072,33.162241768079724,2.865043123211172,13.491087666133804
New York,16-05-2019 07:53,18.23295151643428,21.577041855905243,5.285115914409229,17.8485568571911
Philadelphia,12-12-2019 22:12,33.85073867752387,30.414888974981174,0.7288915562819898,0.9589368280859711
Houston,14-12-2019 03:05,9.889705781447788,89.48144836395394,8.078842422126291,0.34761975034097503
San Jose,08-10-2019 11:53,-4.387010618825667,87.73243566150805,3.3563674011995017,27.325745779943123
Chicago,25-03-2019 18:37,5.482133843238522,70.0148765297587,1.9294349465502958,2.521323932246282
Chicago,24-03-2019 11:55,-8.76743277950345,59.82193419595124,7.54817037414754,10.09228757996812
San Antonio,05-10-2019 06:17,7.036199679949242,36.034885439374435,9.680484803713817,12.49208425931818
Dallas,09-10-2019 09:43,11.504553467576454,37.989058344955055,8.185929784878287,18.311908488139892
San Antonio,08-09-2019 01:21,5.730216018995291,41.109807681916124,2.4245425859514116,28.78167353158175
San Antonio,11-09-2019 16:24,36.10744247728271,56.050101710702606,1.6533941900066595,17.644192240492213
San Jose,14-03-2019 19:29,2.2665695093503224,54.56179923847397,6.979652770184519,27.80130938546634
Dallas,08-09-2019 01:08,26.005002539375262,60.92548957596397,5.458014997669446,20.92393042082931
Chicago,10-11-2019 06:04,1.1520550761012753,26.903928723884167,4.340410061214387,8.871013023949757
Houston,15-03-2019 19:39,-9.273848533694409,79.10626626852584,7.913891091997724,7.916831220071641
Houston,26-09-2019 14:03,-0.7619915093900715,47.45828952972062,8.108007153743003,27.182565977389785
Chicago,28-03-2019 20:10,4.090712669635591,81.45898874897668,3.083427697101885,23.898651519557777
Philadelphia,20-12-2019 08:11,22.909154452031196,38.62996383763178,8.397808911647285,23.57492358149607
Chicago,21-03-2019 10:17,22.977428684241552,37.60473555177305,6.761985628834974,29.16554829703385
New York,23-08-2019 14:53,38.78824291265044,74.93454409330309,7.654085696356749,29.879189401886418
Dallas,04-10-2019 03:59,-6.057641057274629,71.13913286585017,8.949732705320175,26.952402416292912
San Diego,17-11-2019 06:16,25.07925756720605,49.28521276002601,7.990037337834553,24.008076536456727
San Jose,25-05-2019 19:59,-5.839560089519993,85.13867555127177,0.39138001043654835,10.297218416954557
Philadelphia,12-12-2019 05:12,24.69882124287524,26.56328140531474,0.4158741874788374,25.443080692188964
San Jose,13-12-2019 14:59,31.742486918498905,49.47495688262055,4.98445366834587,26.54696275688838
San Diego,16-02-2019 11:04,26.142019907849196,83.96199863749212,7.858124753374625,1.7292564316267722
New York,04-01-2019 03:29,31.1866912315829,38.419818935817275,3.8320804211290085,23.460942973553355
Houston,24-11-2019 10:42,1.9152696302858025,40.74460807985017,7.785954951174404,23.40553941403471
Chicago,23-07-2019 23:26,20.347457431258995,80.78408677068468,3.876180201672159,11.857082097105424
New York,08-03-2019 20:04,8.522203220210276,81.90349128458358,2.049766951729992,6.339383141887907
Chicago,20-04-2019 10:16,-5.512191520794404,59.223779203948354,1.4580638891544706,17.09501631515523
New York,13-11-2019 09:05,34.944461468471225,62.52902945264717,9.601598793946705,11.920848751131176
San Diego,12-07-2019 16:24,39.807241506139974,38.73525517579495,6.482436792688544,16.710619365370913
Houston,25-07-2019 06:38,34.32380755684656,58.214486217964094,1.9436038010137546,24.167855811305223
Houston,07-05-2019 10:50,27.075181838753615,45.55774755761674,5.048885178381894,10.28145331493186
San Jose,11-03-2019 02:16,-3.5116784853032126,37.2376435496829,8.139361230310284,23.9977021365985
Philadelphia,01-01-2019 00:31,9.868684664674554,27.121415896584267,2.379614094075768,1.7059461729715575
San Jose,11-05-2019 15:42,15.186808949007627,73.16441888506318,3.5744260313205114,13.718047385132053
Dallas,24-05-2019 22:14,36.328030172196996,21.66094583115139,1.8975264600082042,9.735031303861426
San Antonio,28-08-2019 20:40,29.579774325471817,49.1249848456757,9.471643868582609,5.171182960144361
San Antonio,10-07-2019 23:17,22.804196278478315,40.49175169248778,8.168304480419188,22.321155754650018
San Jose,28-03-2019 08:45,28.270240022228165,84.98723742022561,1.2529345222377541,6.746670449610372
San Jose,18-12-2019 04:55,21.305569720673127,49.79221802694105,7.179553758615775,11.646225515613693
New York,02-04-2019 05:38,35.37639448640311,48.587605091194874,3.384302688630514,16.97290194929857
Dallas,12-11-2019 06:01,2.4066261629331756,76.48456470356749,7.01605752610183,28.919611728644227
San Antonio,15-04-2019 20:29,18.816825206645465,22.232783052402098,6.4340616391815795,22.12458101124854
San Diego,19-12-2019 08:57,2.2376931182236355,22.290143094401138,6.641311159045468,25.819953052466012
Houston,03-11-2019 10:35,16.62935951958604,22.432067680052736,0.6897003060069795,28.674155118375744
San Jose,17-10-2019 13:46,9.303318206092783,35.307870676016286,6.957413798699212,7.620615615695977
San Antonio,07-05-2019 12:25,14.527810194997784,24.011808234466642,3.4559421044669216,23.198528851585817
San Antonio,16-07-2019 12:14,-6.731014645876057,78.01251392472716,9.807112276882465,2.271601952303226
San Jose,28-11-2019 17:00,12.028745865042222,68.97492428534801,0.5072929706236606,6.106371978459512
Philadelphia,17-12-2019 15:50,7.319706751896614,33.31649227695782,4.621268432465207,22.144366073765735
San Antonio,10-01-2019 17:19,38.701196879862785,80.99581071025874,0.4542616609070649,23.81469729600011
Dallas,26-12-2019 01:49,-3.6598937458132497,36.591603464827024,8.42054579238811,29.140524066531974
Chicago,15-12-2019 18:37,24.403621637694073,77.30614594422255,2.4763614058922947,24.251494042748295
San Jose,01-03-2019 04:51,37.17432413144609,64.44614785675145,3.1020424495791756,27.077209154853442
New York,23-08-2019 21:15,13.219320012732723,76.17052833092163,6.04439076798222,27.769709620029296
San Jose,21-02-2019 23:09,-8.278376405281787,48.58091165152491,1.9561835402866545,26.689092674215456
Philadelphia,23-10-2019 10:05,33.97406236670284,87.50022443501824,2.1561067567229495,0.7409744791128181
San Jose,10-07-2019 03:02,19.01981177357956,89.73903293427944,0.43194843252258863,3.6329810512881497
Houston,04-11-2019 08:57,-8.639548470308036,29.707175635020953,8.396319578140321,21.036327841143667
San Antonio,26-04-2019 21:48,-8.624054499850105,67.45355046906931,6.34771427176852,26.395384466675367
San Jose,20-11-2019 23:33,18.375472884301285,45.323466104526744,6.401298612716273,4.871442774212631
Dallas,13-10-2019 16:28,22.98519580332347,88.53515617997158,0.04773671325702611,19.577492130121453
Houston,10-07-2019 14:26,34.0428177487567,38.60476907211354,1.9246611993990703,1.900851576338456
San Jose,13-10-2019 15:46,-7.5795787173481255,47.82056584661544,9.474699175643236,20.180602960719458
Philadelphia,09-01-2019 10:35,19.711857914254935,77.64660446006602,8.00388016592221,22.06810941162176
Houston,05-01-2019 23:31,9.976877336099147,63.67379196390261,0.909017734616403,12.252180431544215
Philadelphia,24-01-2019 02:43,12.469863503643822,23.25981572831269,3.372492173205467,17.735013031443717
Houston,01-07-2019 23:56,-4.223511973975987,39.057884962477644,8.940579728504384,8.807448980653774
San Jose,21-08-2019 01:59,31.180886709816562,80.57574646977805,0.9699152048991388,9.222324671440576
Philadelphia,25-12-2019 15:35,29.391795082395966,70.34121925650817,1.8794089960952065,8.02127969267541
Houston,23-06-2019 16:54,14.247493366102873,84.26455326438948,7.565287318521941,14.785058014568147
Dallas,14-07-2019 12:05,39.06639098612058,46.56766119247061,9.270635667823056,3.8688143492222893
San Diego,20-08-2019 13:18,-5.508963212296588,29.517869687533125,3.1191481695495114,23.521807002331016
San Antonio,21-09-2019 10:30,7.97257035152332,81.1736615589368,7.980342955238008,5.700026979648907
Dallas,16-03-2019 18:17,-3.489445254352221,71.42298971222147,1.6617761150931831,16.10777547656946
Houston,16-04-2019 01:22,3.2496090610206387,74.92461779073324,4.529989417312324,15.87851038372402
Houston,26-06-2019 14:56,14.89818677014674,36.229852079812545,3.504553756596287,0.8160589846168809
Houston,02-11-2019 03:56,19.335535783996324,40.34454879597672,8.049690850777536,7.36690281967559
San Antonio,06-12-2019 21:43,-5.06884534036264,29.19925815444843,3.383292429400113,4.8710842870770215
Chicago,16-01-2019 05:26,29.104465025796223,60.257177915852154,4.968363044150761,29.442202400400564
Chicago,11-11-2019 09:12,7.486920270486454,79.30413475660528,9.163392076026845,24.432534814682896
San Diego,18-08-2019 07:48,33.649005368150036,86.07706481668578,5.4503253845468915,13.158324676826277
San Antonio,19-05-2019 11:22,39.24113227722729,47.134355477621284,4.88207546445388,22.992710034338174
Dallas,14-09-2019 14:56,4.0345540197576995,73.70167613884577,2.352733329297295,19.828498406130784
San Diego,26-01-2019 19:04,33.155411846947366,39.198359071515554,5.71104844294971,24.424179334388718
Philadelphia,06-03-2019 16:13,-0.7876694446889125,51.357368385297235,5.986222101053097,29.118297281273765
Philadelphia,27-09-2019 13:35,-1.5963637128120407,89.0289643452009,7.328684949069223,2.1500136527277047
San Jose,05-10-2019 08:30,30.39291957688824,59.938590460797144,4.577059698855296,0.12114120943220397
San Antonio,10-11-2019 09:56,25.361572462822025,33.194662333510074,0.8171930372739655,3.956998345969728
San Antonio,23-08-2019 20:47,27.68574769887514,54.83914258810485,9.257190620970873,16.61040363713716
Dallas,11-05-2019 10:57,2.9170509587836104,54.47761256019772,1.3371248620285636,16.63236383457409
San Diego,25-11-2019 08:41,-8.89215957935001,27.410276233154484,0.1564969558344298,26.915524552996498
San Jose,19-02-2019 02:51,36.72908476857988,72.83747327796002,6.636963928834777,5.7692357250311055
Chicago,12-07-2019 08:22,34.19789494869109,22.558487531839006,4.701772574772897,23.67090887322783
San Jose,20-05-2019 05:35,28.516240983259095,89.62453222202545,1.2184592209634948,24.776093387524778
Chicago,13-02-2019 03:39,-9.601896102744098,60.12609820158491,0.5861688181769464,19.166066590434482
New York,26-10-2019 17:55,-8.71340245086922,52.379999581526235,6.323984875825996,23.22184704239679
New York,16-09-2020 17:48,28.130143397459108,58.84449162684087,6.317116715651201,29.929208319809696
Houston,12-09-2020 10:34,13.905739506611408,64.55750043530705,7.798828462618061,10.146238679889773
San Diego,23-08-2020 05:26,30.88114475461321,67.45674407639669,5.7815863950856485,4.660915725320791
New York,19-10-2020 09:59,-7.986766827790495,42.14201824942754,9.582135338608746,17.66850783947637
Houston,27-12-2020 23:24,8.982903303492364,59.64760955088085,0.5728908631781282,8.89013040754149
San Antonio,16-08-2020 14:48,37.729558556550664,72.01989359786721,5.865233170582923,18.022459197644075
San Jose,01-05-2020 22:51,15.530612919104101,50.25417744768512,6.128232486927855,23.336349063371948
Dallas,25-11-2020 17:44,21.14438459847125,64.26566877171504,9.640928620414405,3.9359931636638192
Dallas,02-01-2020 17:28,37.289678650478045,66.4241404881713,9.891578079103057,22.380877312398418
New York,10-11-2020 05:52,13.532225650272988,76.20379117565804,2.0374470701782754,20.461401862727428
San Antonio,23-06-2020 15:46,23.094374454354437,89.7025135410659,7.846292685551654,24.13363406931042
New York,12-02-2020 23:52,8.110746241454486,74.02063835322761,5.5762684573908405,28.044749123516702
Chicago,13-05-2020 00:57,10.323603130496164,59.856221124385996,6.469720114414679,12.120641298991698
Philadelphia,12-11-2020 20:09,-4.0030846011995935,41.189773936908196,9.279114075126243,13.97648412074307
San Diego,25-02-2020 20:55,9.406612393210676,29.758091106499947,2.959635688927269,7.238207419954841
Houston,19-08-2020 22:47,33.98981018736009,69.3756537477112,5.124444162293937,0.7131456115568302
New York,07-06-2020 10:32,34.045736543310525,51.751155061160304,7.22180675386697,22.897648530426597
San Antonio,08-02-2020 19:27,23.595138675987393,58.44072912558016,1.3586740213438753,29.773472045420153
San Jose,02-02-2020 18:06,22.669262395663203,55.12813020935102,8.76925205661947,13.090674682761756
New York,10-04-2020 19:52,14.787525312051407,41.56302034659888,5.845176555811684,13.035315894911742
Chicago,28-12-2020 01:17,24.147606092552692,77.0775060566535,7.786789014934289,9.194993421294996
San Jose,27-09-2020 14:06,24.03586996547711,53.19466377004336,0.8744409440340062,4.5710896332602236
Chicago,22-06-2020 13:35,39.85928883615461,39.740891659432364,6.849180620246197,10.113344373075881
New York,23-03-2020 12:32,-3.1319213145633817,37.0189017328174,5.386774967306148,18.26943351290626
San Jose,03-03-2020 17:04,36.611966141932456,40.99533745200002,0.6401744473726934,21.493065617536608
Houston,16-11-2020 14:49,23.051839885971617,33.238373965731014,0.565388175171675,9.343813511945434
New York,08-05-2020 18:19,2.007738946180524,22.80543109655713,1.0393241257685215,27.696672883926507
Philadelphia,25-06-2020 03:32,-9.636592757485587,79.91486953816573,3.555646469108188,24.153875513961463
Philadelphia,09-11-2020 06:16,-7.464298682497052,51.703484023769505,3.3364513376452507,15.339529481945451
San Jose,11-05-2020 01:15,22.81125780436568,64.1451265370431,3.784030626744147,5.012118715838261
San Jose,20-06-2020 18:35,23.52139957615214,86.79202593919368,8.977458747288265,20.11893025321086
Houston,14-11-2020 03:42,17.533956887447097,22.112264160881175,3.4363935607835727,3.995472502701375
San Diego,12-12-2020 13:36,-1.6712241734368938,85.5051398702502,8.137311623603008,21.891893289059638
San Antonio,27-04-2020 08:50,16.17336119293724,50.983824437361974,9.00328376371977,27.016639193478145
Philadelphia,10-02-2020 02:31,21.822666957461433,78.42914785625489,0.3928993630653488,11.292770317534382
Chicago,15-05-2020 20:54,12.415848974097148,51.213758998213876,4.73948029504688,3.1057261825183957
New York,10-08-2020 03:36,-5.664550998174685,42.97342049864233,2.908668459252005,20.696175321107408
Houston,19-03-2020 10:40,-4.90110930925132,68.39912284649358,6.136485843792119,0.10409265199600726
New York,10-06-2020 12:23,-5.06702110169345,58.208110435220284,3.983146664815619,10.007600932784847
Houston,02-02-2020 23:41,-4.369723583781018,78.38259362088345,2.374077063091021,22.708394417245195
Dallas,06-02-2020 15:13,25.262690029377183,36.885369715584105,6.786714785020297,3.795864426757829
San Diego,08-09-2020 03:27,-0.3914859056170634,69.17168954921712,3.1756216897171043,29.47319054158891
Chicago,23-06-2020 12:58,8.38548632079318,69.26709049954698,8.971046591759842,20.41255445343696
Philadelphia,01-08-2020 00:41,27.596741610489076,32.34540328814376,1.6756903933679712,5.482690441869224
San Antonio,20-08-2020 08:03,-3.5495564589425737,40.61495620104857,1.6118861603648627,4.411316831561151
San Antonio,02-09-2020 07:46,5.361915199419224,26.251389760218892,6.651937335201667,24.242819036223622
Philadelphia,12-02-2020 10:52,21.474741717785022,46.97252907859399,5.480331398777615,20.533629543093976
Chicago,11-12-2020 15:48,27.037159601609922,22.24274056573405,9.248857522162586,23.304978734268712
New York,05-03-2020 11:02,15.584027273088832,31.107586547229076,7.391417282344898,29.35603529639404
Houston,04-04-2020 02:19,9.086348717942414,36.91878535252466,0.007547101999372252,0.5660715730517696
San Jose,09-09-2020 09:13,38.09466460628069,67.65580888489012,2.3953790317177157,16.857098015772088
Chicago,16-10-2020 09:43,24.650987810324565,84.8145695018181,1.4477199509384997,7.099384425542873
San Antonio,02-02-2020 22:38,32.54932415023779,54.75099580882495,2.5380318499802246,2.663198842868564
San Diego,05-08-2020 05:21,17.036174552562613,29.130828839398717,5.217283361452454,10.645803674163203
Dallas,18-01-2020 17:12,37.67802862408356,36.2214982191537,8.434842433200018,12.602982762005142
Chicago,18-04-2020 11:31,37.57469232671694,33.035533068321385,9.404752286766625,19.821278388751136
Chicago,19-05-2020 02:48,8.676690720644373,58.20002333956337,4.709302547488696,0.6552878564953146
San Diego,15-10-2020 09:26,24.614302269888285,35.42345834651939,1.2166251967228314,10.854577418678822
San Jose,19-01-2020 02:47,-4.199037160777433,84.57259637772992,9.60703067349493,7.652481076946959
Dallas,24-01-2020 23:56,28.54020245129474,85.98967233775896,0.7154910768482436,7.940097728766011
Chicago,01-07-2020 15:26,24.98045421389704,49.01071394290177,7.496946477850134,4.342226715651407
Chicago,11-03-2020 21:39,10.67529805249086,50.92819050348945,6.4567226260374735,0.5390121822009852
New York,14-08-2020 20:04,5.1278071639197265,50.0256686313769,5.429390467555417,4.516897704343047
Philadelphia,19-06-2020 18:20,10.697995178682287,25.38003925519513,9.469241964756955,27.6764316901627
New York,23-11-2020 22:22,14.707224855205844,74.70263623983988,8.896977693526349,28.728563112078902
Houston,04-02-2020 13:24,13.070670174656044,33.08025004724716,8.214707254506305,28.43612474138009
Philadelphia,22-10-2020 17:50,33.55190156999021,33.28323504481463,9.146683484314435,25.04248669008057
Dallas,21-03-2020 22:49,16.978127281539983,73.31974649633263,0.7254032442708169,18.110387200589948
Philadelphia,14-03-2020 18:45,16.27718848869999,69.15283387158853,5.2840778783741404,19.85904557217122
San Diego,10-08-2020 17:39,29.20466707024437,75.51916896706263,6.298286182919187,2.8523683332535397
Dallas,06-12-2020 07:56,22.54687706460208,32.95127892732817,1.4759340367730034,26.716738292193774
Houston,23-06-2020 01:41,1.2687640426564428,50.94610453154035,1.8199729385292152,12.627853531648258
Dallas,25-07-2020 04:14,11.226939198972655,70.94465071404738,2.680075036202052,22.364918371991894
Philadelphia,10-12-2020 07:59,-9.600761990780645,58.97509111642151,1.4417456751040791,7.7645843946275175
Philadelphia,10-04-2020 03:37,8.9573162000037,73.33074851403907,0.2653295298289837,11.785060945644156
San Diego,25-11-2020 02:41,36.141044798036646,28.043830349997812,2.929909463816375,9.553719026644302
San Antonio,01-01-2020 11:26,38.08873537072421,67.66805328865672,2.7031200888677533,1.0610517447232126
Dallas,19-07-2020 00:09,38.52474257547602,76.8863940475814,0.7276318744648091,18.92253870478649
San Antonio,26-06-2020 02:07,10.99848626193264,41.050369338634155,5.624822881467578,16.026560037443655
Chicago,08-07-2020 13:27,19.62695418801155,63.10057913432476,7.807461108691306,9.095682445503096
San Jose,04-07-2020 21:43,5.933965812545919,50.95266980915114,6.915902026485153,1.0935666849147563
Houston,23-03-2020 08:06,-3.1509513196100922,35.776512430088985,2.044141805941102,25.005743944973425
Chicago,01-06-2020 21:16,17.545964876465884,72.64357290137762,7.890430957977783,9.887018736836133
Dallas,14-04-2020 10:28,36.620211127559806,56.25708958503064,3.8625576641015735,11.009894436857346
New York,18-10-2020 09:03,-1.4844455345012513,35.86739588104378,9.862628606058964,24.52478378402799
Dallas,15-01-2020 17:11,-2.729935777479672,41.41352539031038,4.712427341756911,8.960893833051143
Dallas,19-07-2020 03:42,37.71951213504441,59.51992648821536,7.65951331355057,23.54200035991917
Dallas,10-01-2020 10:13,-0.4871651800418064,27.644948207659663,6.0320526146478395,0.5910184479981739
Philadelphia,28-10-2020 09:27,5.136046170458151,84.70833300981872,4.217037510264554,23.654244674625748
Philadelphia,21-07-2020 21:38,-6.749400441510103,57.71712429773846,8.168492939756243,20.623890180740137
Dallas,16-09-2020 10:33,11.548569304219178,49.84487910583808,7.625813725783901,11.992984171817284
Dallas,27-02-2020 10:45,-6.768862557438734,86.59564833565835,9.723152583187936,27.3695759426371
San Jose,09-11-2020 22:21,12.291662910998966,21.150519201996648,4.529170377000545,2.4242260213854006
Dallas,24-04-2020 10:58,-6.939534169737218,76.03995966742316,4.62113007957185,22.110679833408444
Dallas,06-07-2020 04:49,4.21825850445339,52.178894302745505,1.914077598608509,3.6216259958583508
Philadelphia,03-03-2020 04:15,39.0881799442934,48.72592396477546,7.080869966374119,11.062882056228387
Dallas,04-09-2020 01:43,39.311933516038025,76.45979753147108,6.147246076638937,3.3122405070231653
San Jose,02-08-2020 13:04,26.828818181857272,24.583091508073196,7.8459057819061275,16.018483900979057
Philadelphia,26-07-2020 12:26,7.894149235622752,87.49619481215072,1.8629334868701553,21.208858314366786
Houston,22-06-2020 02:55,14.318230950466479,31.58327977173935,1.7707820066372648,5.083263974298859
San Diego,18-07-2021 00:58,30.904759484160223,58.54745506419498,7.830024608033568,2.714485453816553
San Antonio,27-07-2021 23:22,33.04408398001057,77.25991474400377,3.3880496944655105,5.521878746036352
San Diego,18-06-2021 17:00,15.348742286624255,28.841892463449234,1.5477378032690825,20.82710064079436
San Jose,15-04-2021 01:57,36.99968838560459,32.9496429707786,9.702842770009642,17.79472307669995
San Jose,03-10-2021 04:54,11.213732343295266,55.50371705601078,6.180429517009659,23.091480277208923
San Jose,09-03-2021 07:32,12.142256084004902,87.47561652973829,7.483356385538399,22.642285047310306
Philadelphia,05-03-2021 21:49,-0.4862535093043814,45.851879033563534,3.2334116936532786,11.307204109300375
Chicago,25-01-2021 10:14,33.42912132595403,56.477211475087586,4.939177476379414,16.147713064196413
San Antonio,20-06-2021 04:41,-8.797210840825567,40.8779809549689,7.034315703472769,8.432493287395427
San Jose,13-05-2021 00:15,27.12815021905547,89.18235783450993,7.817958573503114,3.4422069681154035
San Antonio,09-02-2021 19:10,5.997030036411791,46.14986817711406,3.707063783514515,18.95229841721574
San Antonio,04-12-2021 11:23,14.01442616360952,89.85346698954037,7.1066592780475,18.624652603462202
San Antonio,20-12-2021 01:49,25.993403903835777,76.98419945873555,4.661704379224618,27.422142939514533
San Diego,15-12-2021 03:22,37.049991112660614,53.94826906160599,0.765783759700881,18.412797362716752
Chicago,03-12-2021 20:30,4.752330244412033,77.45763843150142,6.31387835113209,7.926282095410281
Dallas,22-05-2021 00:05,21.75715334722055,81.7627260772438,7.855145180427097,13.464546624062377
San Jose,27-08-2021 19:15,24.14113302815219,25.836356049278503,2.0783012869987374,21.95239386707218
Dallas,22-06-2021 12:41,-0.0004376852990830571,50.271077280219586,9.832861494919065,1.51388539034498
Chicago,12-05-2021 03:36,-6.5467711203162215,51.29503281442531,2.4742853786006203,3.164257574451792
San Jose,16-02-2021 05:19,6.403296779303091,83.80768036338942,0.6284535376831613,2.432744671168657
San Jose,11-07-2021 22:00,20.546552847916715,73.5942108732484,7.673237871460569,5.630895245662235
Chicago,20-05-2021 01:58,5.522914132293314,44.52025015977699,4.667190465520323,13.446452607253445
San Antonio,02-05-2021 21:32,11.189668419020691,36.889819078109156,4.736957747042634,17.25473744856211
San Diego,23-02-2021 09:04,-2.9016620747117,69.28318692750562,4.1884968330119685,24.30843567455693
San Antonio,03-10-2021 20:17,9.173428640962793,65.58198753389377,6.842555859191842,20.242076451637207
Houston,28-03-2021 17:55,4.868917575061214,42.13851273617031,1.9017809346716419,8.23180425329152
Philadelphia,11-05-2021 07:16,7.553708580867028,46.04437677821463,3.336364827613607,9.11688587410251
Chicago,15-03-2021 02:16,34.09581610557586,65.0058987083786,2.4490501723242417,26.413883652687947
Philadelphia,13-03-2021 03:27,28.55356254172166,81.00742635783676,1.580234170490361,15.57376022483457
San Jose,26-12-2021 13:41,-6.013706789005083,71.80500753866261,8.719926970745364,5.096913111483739
Houston,08-11-2021 21:02,-5.0533879261501795,69.66242496399664,7.559926269941454,3.959034703595038
San Diego,21-08-2021 11:06,-8.59225417114632,47.983677185543876,4.704624807054354,5.811922921299784
Philadelphia,18-02-2021 05:05,27.265422363412313,83.10142881263546,7.927577397626947,13.867382408681895
Houston,27-05-2021 07:01,12.502637429464041,33.043189444362824,1.173873312450714,9.309838894267203
New York,15-04-2021 20:53,-6.961853240314966,61.00596742753057,9.954671657710815,29.266728040645777
Chicago,23-08-2021 03:34,16.635928530759983,46.06215913040583,8.71135529081866,4.523887210173935
San Antonio,26-04-2021 14:28,13.46096295744962,67.96783558992666,6.217440474746545,29.43549747940754
Dallas,18-09-2021 03:43,28.007913240405088,72.4174981638195,2.4641169477775082,3.9457807069033004
Philadelphia,28-04-2021 21:55,18.9738812314826,55.78409606861953,2.278078787858302,14.703988102970754
Chicago,02-12-2021 06:31,-4.298139924252233,71.75675126334278,5.076818347771331,1.5980679552387433
San Jose,01-01-2021 06:12,35.100545529337424,72.92280441934611,8.351356213174165,24.946652990915258
Houston,22-03-2021 03:07,21.2507003741611,51.90911797025093,4.633526269581853,4.8757664045452795
San Jose,28-08-2021 10:57,-8.701041475286111,53.60113407981863,9.1794874591084,22.74077536907274
San Antonio,27-04-2021 07:06,2.4512767300972946,25.439096445048563,1.2607840140067483,29.34221403038048
San Antonio,01-06-2021 06:36,15.514536414786637,82.03692554437902,5.8309180080925636,28.055532117132568
San Antonio,07-06-2021 04:11,10.967385457550176,75.76565376360183,6.098506758004581,18.419528182882004
Houston,07-04-2021 18:14,16.27623158064742,74.51832989070402,9.343362849268887,9.646284901180827
Houston,28-04-2021 14:38,31.90884419017683,68.13595915511631,4.737641332273833,6.403968351263719
Philadelphia,14-01-2021 01:55,23.968805381986826,51.870033785547655,6.134869806552102,10.930162726257608
Dallas,07-09-2021 22:44,10.02553968317045,45.03510395792412,6.646665395049881,9.925844834270361
San Antonio,25-01-2021 17:44,10.664876888883434,29.4286060405324,6.50169061485663,16.24588147778671
New York,20-09-2021 20:52,38.35184500967941,52.518506440118465,2.218432112928422,25.580878484041534
New York,15-06-2021 18:21,0.21555150557972347,37.79534746827254,7.594841846825608,11.481487796827711
San Diego,14-10-2021 20:31,24.853746915854956,64.41873224242086,6.7682309592270435,7.833433835825051
Philadelphia,10-09-2021 11:34,22.903794265893445,66.40420243295037,3.400975041574906,16.0263101039656
San Antonio,22-09-2021 10:31,18.49013032295689,63.6631759287377,1.103727216278172,7.941922661586514
San Antonio,25-10-2021 18:26,22.22539282414248,58.92962277321504,0.19746437052349797,7.079488184265229
San Jose,08-07-2021 07:22,-2.061365470782669,50.30746755669942,9.221047844087131,22.879401760006104
Chicago,02-05-2021 18:06,-9.699103530555766,71.94320390519883,6.448497979037643,27.803473172635456
Dallas,14-04-2021 22:15,22.167323261728292,41.26328607958486,4.2568417050912055,19.177148371125007
New York,23-03-2021 21:06,15.830123925497116,29.314350971017216,9.681303519640373,7.94695567651776
Philadelphia,25-04-2021 16:06,8.628951444321135,56.95818134501623,1.8523112846230083,6.272860501230733
San Diego,16-04-2021 03:00,33.346076673630485,29.015541671645316,4.355461322507104,25.787736752538787
San Jose,04-10-2021 14:02,34.06249581258014,81.5245047062028,5.263532079572863,6.156001332259418
San Jose,11-09-2021 15:44,38.75643270217265,44.19401179683458,7.5422738667975455,20.590731730326908
Dallas,27-06-2021 00:35,23.39230332688478,47.71744050539659,2.408000536822701,11.413992174105104
San Jose,17-08-2021 16:53,-5.090789505374007,75.76584118056022,7.499239539365473,21.324954290501715
Chicago,09-09-2021 21:14,2.656204658258236,63.231764499997006,1.4220849793770407,6.149332963629597
San Diego,09-08-2021 21:17,1.985394195983062,36.33999592055655,0.8050996634540464,4.936441335093953
San Diego,09-06-2021 16:31,20.308903443835238,46.19919077676505,8.719061592694528,9.965058586968622
Chicago,09-07-2021 06:08,19.697466862390996,83.48077822758871,7.435894957895259,5.055883852317314
Dallas,08-11-2021 17:46,21.860872820295917,73.09349999733286,7.15330274343961,20.120035235209276
Houston,18-10-2021 00:15,34.86811745732687,28.553852662056396,9.658818490488727,29.29415295062662
Houston,21-02-2021 08:34,-4.697611405028415,27.02898526182156,3.684427696725243,13.455494553893308
San Diego,04-10-2021 20:21,2.6364317765698893,48.05444716746139,3.175957111164991,20.947042578759028
San Jose,27-07-2021 19:52,13.470511635094667,58.192382795766804,7.580486666589609,2.678212631553892
Dallas,06-04-2021 04:11,-6.491642503454345,22.135600435176425,1.7294742124323959,19.376498546637468
Houston,20-07-2021 02:13,-8.83155324105059,77.4492991811771,6.466162879838377,16.64959541186857
Houston,12-04-2021 23:32,18.1362700819762,62.93723204082077,0.7632950359536428,23.416852880223317
San Jose,01-08-2021 06:04,3.7725349287745207,87.74392980127092,7.796771106749851,7.541207729206149
Dallas,13-03-2021 19:06,-3.715744024158826,40.5910184688415,4.2752276942609715,22.684602659980133
Chicago,13-05-2021 13:38,39.82693984672072,60.84267957663798,1.8741853218771687,18.307266995766
Chicago,10-03-2021 07:28,27.771292232847628,64.70070915669402,1.9336601937905595,0.23833667063145048
Chicago,17-08-2021 19:55,-1.6248339765679436,89.03881542233547,4.997586989534119,19.77193268311276
Dallas,19-10-2021 02:44,7.017763273557556,84.41488634316669,2.1320959586787644,0.6570318861232494
Philadelphia,24-05-2021 23:21,-0.7348600547167816,74.19646513484793,9.45872539686659,13.452345663847465
San Diego,27-11-2021 16:18,8.03836135522302,23.3867826404061,8.778658127396927,22.482646199464558
Chicago,13-02-2021 20:35,33.22775026451085,20.95622788621853,9.89681657218789,16.24785682044421
San Jose,03-05-2021 15:46,-2.0032772522576314,43.29512573852995,2.8138620211311247,7.048876607455341
New York,17-05-2021 05:17,30.61843385596916,71.52520139366095,9.741195483644082,10.176063895710914
San Diego,20-10-2021 14:49,31.445460048155134,26.073359617908093,9.561515315730974,27.302947699370502
San Antonio,14-04-2021 08:53,31.341580805374193,51.87786961091467,3.0460990064891447,22.83746359259319
San Diego,22-01-2021 21:09,33.8577323168619,42.22221649059009,3.1395985963301865,11.267690812087265
San Jose,25-10-2021 14:55,-7.8686783575284105,42.52657149040179,4.226148780441705,24.569448202664464
Philadelphia,02-05-2021 17:14,32.10751460462993,26.751018561902935,6.224468927506399,19.76308079981902
Houston,03-10-2021 20:14,-8.03163603820323,78.6329509397697,7.460410334216557,18.88475128685312
Houston,17-10-2021 11:46,6.8689532481004925,43.67492057569802,9.215365272369406,21.405995030017813
San Jose,05-11-2021 12:48,17.96471308054711,67.5530607365825,9.696388606422218,1.7692666813184166
New York,26-03-2021 09:24,-2.013948136389617,27.789480878582783,5.257013107045303,17.114839074228236
San Jose,13-07-2021 16:40,-7.852823587407167,58.62820468604613,8.806105400875955,9.091763560923983
Philadelphia,09-12-2022 09:51,26.52455443658966,37.712434720290474,8.36318984431527,27.144828118245783
Chicago,05-01-2022 13:26,31.727759311919428,89.28849658463348,5.433801981776428,20.450459289665336
Dallas,20-12-2022 20:39,16.295073616411873,46.85943669167379,5.618821801093943,24.06433458675877
San Diego,22-05-2022 12:53,33.516745800456924,89.47564895305938,0.2369694960490376,21.215039532067326
Houston,01-05-2022 15:41,-1.2580510233151898,34.81890356380032,4.197314280860176,0.37066742401517416
San Jose,12-05-2022 23:13,13.047444732713306,68.40044449097869,9.638094155795795,10.867183284695477
San Jose,13-06-2022 22:14,-6.912914324434507,48.67495706483998,8.783266309853321,23.771249735082815
Chicago,07-08-2022 08:12,23.52406060769522,20.717282322901347,6.154197100833441,16.159884710872948
San Antonio,08-06-2022 00:49,2.872114328279366,49.08182273257658,9.494634056314716,15.485210869989873
Dallas,03-07-2022 10:53,-8.7704009294955,76.20817557305882,1.778173744479773,24.389229462393203
Philadelphia,03-05-2022 09:53,6.567496580050001,33.61505411956672,9.02029495130528,25.20887287423062
Dallas,18-05-2022 04:54,17.88296227903983,48.436143654008255,3.089629803123014,21.598262668525642
New York,07-12-2022 20:27,16.369784541000392,57.025572691193844,6.261567218959161,21.749299834744974
Houston,25-09-2022 03:10,16.807773333458464,56.49246680354217,9.641988333784008,21.81561935257261
Houston,18-07-2022 18:37,26.66239643865469,31.835575801147968,2.2585756241870127,7.674482186882673
Chicago,15-12-2022 18:13,18.723066101583754,32.764522009547974,1.2629719189056432,3.9578241840296147
Dallas,08-09-2022 03:09,9.293964200961973,33.72901413462178,6.139970329613512,6.148018143154311
San Jose,18-10-2022 00:54,3.345991939088126,27.429253588327885,9.646060901180029,7.398551491711066
Houston,27-09-2022 18:34,20.503777229352004,81.24440797240906,1.1111366709590087,29.838932273826433
San Jose,03-06-2022 12:06,9.730649417976132,37.61016089063355,3.7228080425414256,13.059305444537983
Dallas,04-10-2022 03:51,7.262578633923553,78.79954601447275,7.545638112491621,21.301273080668665
Houston,08-05-2022 05:55,25.558302408895912,68.42943308164297,6.9863773310389155,7.773645969560965
Chicago,26-01-2022 17:51,28.302230989144668,70.3401050973923,2.02382372040947,13.395680427717407
San Antonio,15-08-2022 20:20,33.08634082655415,85.75256190557398,7.017656424819676,10.493642084819477
Dallas,07-08-2022 00:14,39.918091533339485,22.879402129462704,6.952806188570553,20.67408724683838
Dallas,09-08-2022 05:20,15.62098659241287,26.381311029778157,9.077169496341135,28.68696585820707
Philadelphia,18-06-2022 02:19,22.2433193893946,67.60692947640281,1.6094989913523683,4.595880830884571
Houston,02-06-2022 05:03,23.117458809430175,41.69199197272464,2.407559851215831,1.65488493281155
Houston,27-09-2022 00:47,-3.769956816787614,40.04803664718143,8.72464114719536,23.710532072203417
San Jose,04-11-2022 12:34,32.38386876603457,73.39980701349667,3.92362015271714,9.15851806601168
New York,14-11-2022 05:18,34.162035384685,72.69894265224912,0.43147295849331413,27.31485421517748
San Jose,11-12-2022 04:13,19.006655249798722,37.893231392841116,2.9642814730757405,29.59893813811674
San Antonio,21-07-2022 22:17,34.595078289973245,75.35566902486788,1.3183959828080605,28.14117342671167
Chicago,20-01-2022 22:20,17.591702140354872,50.78099070658065,9.220079112307394,23.324836811852794
San Diego,09-08-2022 03:06,10.55863189454276,22.061299576719755,0.8037294283762342,11.148459572661961
San Jose,13-06-2022 09:37,18.470693306191635,65.95682228884166,3.0160780048783495,8.208475161864447
San Diego,16-08-2022 14:52,24.701419669376783,50.883416334836014,6.064624808329042,8.880570708045013
San Diego,19-01-2022 05:38,3.4546147780491907,83.67287971935329,2.300821547760923,22.80292148306123
Dallas,05-08-2022 19:56,2.8061521979733186,36.94982229874489,5.192943609420845,8.725609795688
San Antonio,14-10-2022 15:46,4.406007493950035,34.99067590561965,9.898660503393176,10.65375690716978
Chicago,23-08-2022 02:33,19.900574983380523,70.55279895472322,9.754690692790708,2.968868662679933
Dallas,22-12-2022 23:08,-4.0474976270195215,22.7665244318269,0.7639620888057541,3.328783436142846
San Diego,12-03-2022 10:03,-6.977354957139328,79.43529015483634,7.252819343594329,19.136542047271917
San Jose,03-11-2022 20:50,8.482537849373738,31.493761882830263,6.401967132961158,26.444909240952466
New York,21-08-2022 01:29,24.64849124537615,75.88264844554828,1.6475516219897335,21.34966901847217
Chicago,23-08-2022 06:51,29.78643123987431,78.20860717495714,7.970797457717486,12.015894074056119
San Jose,06-12-2022 22:41,37.61814349171304,42.58845169592804,8.926308823177548,7.687719254832812
Dallas,17-10-2022 14:19,9.473075542056488,81.12878742243456,5.672077022635812,13.596535833479345
Chicago,01-12-2022 14:41,15.781021799773907,52.551644603540254,2.3795947845362067,8.054289381777533
Houston,28-09-2022 22:30,35.46555505282053,69.18168373197922,9.743792026862653,9.982511953131974
San Antonio,02-12-2022 22:04,20.365506962101698,55.143185911321225,4.251760654289777,16.26898791409079
San Diego,20-02-2022 11:30,13.625955012977911,46.99658570435081,1.8529530378930148,8.17037680709732
New York,15-04-2022 15:10,-9.556696503847315,80.65925843130486,6.752141140135772,18.054459775266587
Houston,04-12-2022 20:02,37.245278950970516,79.73753647546519,8.506638509006121,16.814215857927497
New York,22-06-2022 06:12,29.424111727589,50.5014056926215,7.804069597432991,12.583304132853229
Houston,20-05-2022 11:18,31.23019328858547,52.3218582604015,5.044369126755903,9.768898897454289
Chicago,17-10-2022 22:55,-6.752783656947039,67.24098018424792,9.813890068079846,22.631532648494424
San Jose,04-07-2022 00:37,19.432431552763127,23.395993513780695,4.087708078758684,8.902548812533574
New York,20-12-2022 19:13,12.943622505143736,63.38029316437908,8.129324943846454,15.453320853645033
San Antonio,22-07-2022 11:32,-5.999606828661488,33.01572016054699,1.5225798945682867,27.571084837942283
Philadelphia,10-08-2022 13:18,37.538511622181055,42.21085640105845,5.921041037697872,11.030945573946964
Houston,03-01-2022 12:05,20.9850766445237,20.867979089679707,2.843404391501606,11.890695528148246
San Jose,10-12-2022 06:46,21.058354889448125,24.34100150745808,6.345843297230748,23.17523194807779
Chicago,09-03-2022 17:34,23.16367310835099,62.4073546815528,9.334338446291326,28.24776110437054
San Antonio,10-10-2022 08:49,5.5751635585588915,68.37843319845425,6.176355178417698,23.003682352051197
Philadelphia,08-08-2022 18:07,1.3457306020802235,72.99221315116333,8.695073362048195,12.578268913008944
San Jose,03-03-2022 15:18,25.944291096204672,59.52237908552868,9.301110214970391,11.851666349085313
Houston,05-03-2022 15:48,-7.6172767415129705,88.69682067733187,6.340948214646867,1.5855312599616478
San Antonio,28-08-2022 15:19,4.343302792619699,83.486772470483,9.376798084459576,27.372287047725987
New York,09-12-2022 04:42,33.04560034379053,35.185407537939064,6.473152335094636,3.728028508692379
Philadelphia,08-06-2022 16:52,-8.751213728932575,50.15772379667446,3.7830947805806514,20.827908608366368
Chicago,20-09-2022 15:41,36.95770055348502,56.44570143534312,9.872921205444062,2.6915396339446227
San Antonio,27-06-2022 21:20,18.49816109799744,62.23777104371216,6.882220761907968,14.312470775065018
New York,28-07-2022 05:30,12.57207096775436,46.37446264780186,3.0386727282950856,15.64039211991582
San Diego,18-11-2022 05:30,19.349122058911615,48.30391991570359,1.5158211477059946,19.63900138501488
Chicago,17-10-2022 21:23,19.258544292518714,41.74137055744335,4.162531304759657,23.316513067140114
Dallas,22-08-2022 22:35,-6.65600884218517,47.770818940648496,2.7894896658635515,20.131607050444543
Philadelphia,06-03-2022 20:44,34.4986168524075,80.64588999021672,3.3580738995391424,29.900456781013247
San Jose,27-05-2022 17:35,20.933019261286955,50.38775475243848,7.604848703351768,4.84326397991551
San Antonio,01-07-2022 18:40,-9.869630263676518,39.271689485998735,5.904036867066441,13.047720811677404
San Jose,16-07-2022 06:10,15.70106802362385,83.33899171705264,0.14422362768462094,26.52044951486731
Chicago,08-08-2022 08:24,6.484363901399512,46.440446690911344,3.044727180114414,10.510581858063953
San Diego,09-11-2022 14:27,37.72351062384682,68.50182204196449,8.106982500474928,27.088556077358795
San Diego,16-03-2022 08:51,5.46110780324646,52.49842909002596,1.7166018401749217,24.693962541841476
Dallas,13-09-2022 14:59,6.408881496289773,28.239869391907746,6.884998460916191,27.659708115135512
San Antonio,15-12-2022 12:35,10.456721537982258,49.9007065588559,9.418254762858616,27.09660460162126
Dallas,26-08-2022 09:54,30.08884689717197,23.445958770587133,9.487408758900942,24.48526178191516
Houston,06-05-2022 17:03,21.308749923811956,50.08061833275229,8.259405785118778,4.938046842939613
San Antonio,13-02-2022 01:54,22.926866951515763,33.66274708923423,7.922411209201128,7.4033252014967355
Dallas,06-08-2022 00:15,-2.2958990258136156,36.124446898008785,0.30358222317958816,12.853191263086908
Dallas,05-01-2022 08:22,29.61992181804637,63.175766195029276,8.559602119784351,10.074329425041954
San Antonio,25-12-2022 23:07,14.950276451059946,78.37331839376753,2.3499861494007437,14.495286710877046
Philadelphia,26-05-2022 14:03,33.02112712144609,40.26832622628898,1.518618180136112,26.208680092041643
San Jose,13-12-2022 09:11,-4.5834299449874845,51.21845291568238,4.653189533466195,20.44848718125214
San Antonio,16-03-2022 18:13,14.687176307969317,43.28710333323744,6.982282741691322,5.512996582290587
Houston,14-05-2022 14:56,4.543008743439255,24.270043076185317,0.5420091413460093,20.205759366347703
Dallas,03-09-2022 06:20,3.397840515409431,74.37794258413243,4.6336734586310975,25.548077635754098
Houston,13-02-2022 00:40,10.269312172103284,69.027487270542,7.792463893267829,1.8043326202437293
Dallas,08-07-2022 23:09,3.5756495237575265,53.694899972409594,4.306097125014948,1.165513324936569
San Antonio,01-12-2022 10:16,34.24718913932521,62.82475238275695,8.382296726874678,3.994011473739991
San Jose,22-02-2023 17:49,7.556852312660254,32.823178097847155,8.535890470529786,2.5129259528512273
Chicago,20-08-2023 20:34,18.618132305817074,86.00592380112286,8.256153859641728,3.3962250730311783
San Antonio,18-09-2023 11:52,-1.4056218169170602,26.701062471166892,5.122121593867259,4.304233619577179
San Jose,15-05-2023 14:37,19.791291508166168,65.38261049247197,4.761629256553541,17.078538352374
Dallas,21-09-2023 22:14,33.21194384396299,54.728411018868286,7.294064209592593,23.192405416498644
Philadelphia,03-09-2023 20:14,25.049919328326908,23.291405551481304,4.806107797518427,13.367627274412175
Chicago,17-03-2023 08:03,31.556350324300972,89.25954657577283,6.832865705888146,26.10246557850259
Philadelphia,15-05-2023 17:20,18.922056888447216,29.374955544630165,0.45129858144120516,21.823083764643926
Chicago,07-05-2023 05:51,27.55193277358822,47.5047895405347,6.149775699791011,29.391427887697972
Dallas,14-08-2023 00:02,26.251557968356494,50.558506080561386,2.552183749914562,8.695102171351813
San Antonio,28-01-2023 17:44,-5.991187576676207,23.116150909111468,3.664938390990382,14.113017670315518
New York,19-03-2023 03:55,-3.5454024769849513,29.818138370211393,5.187212523329747,3.991104907027049
Chicago,11-03-2023 10:49,-1.6481715720257828,89.31360588984022,3.6206687988918187,9.107811841404029
San Antonio,06-06-2023 12:12,2.7325147366326714,77.36837911572516,0.5665032277556981,16.241345519989178
San Antonio,11-07-2023 08:17,17.094653892736474,32.85862856733899,3.7697887636323433,8.712456207908394
Philadelphia,06-06-2023 13:42,3.22442620966004,20.501178557266307,9.245530162163387,13.35744931241762
Houston,05-10-2023 07:40,-7.999152294640124,56.783245364439594,6.319948838893678,23.820946586167647
Dallas,03-10-2023 04:56,21.621569929523197,84.08516359163626,6.489025404317302,1.8356933608185377
Philadelphia,04-06-2023 22:24,7.869315701164702,27.13226414703844,9.001080388702414,23.41407423231682
San Jose,11-09-2023 19:37,20.068541423093087,40.402001306953046,6.414834103498917,15.554391852579506
San Antonio,08-10-2023 03:12,-1.833319458130486,37.722688886527024,3.557284959184016,27.284190407583154
San Diego,19-06-2023 10:58,0.8030943629600973,77.86602511386894,4.625480101375421,24.522140220117677
San Antonio,14-06-2023 09:29,-0.8008836161421922,65.54419789474284,5.180223129362295,17.7319091905748
Houston,16-02-2023 02:06,15.239634919654392,83.75607017026039,6.362573024376353,28.41068238254992
San Antonio,10-12-2023 10:37,7.704896115199446,85.3079386684203,1.7183345452044152,10.714355601557395
San Diego,07-08-2023 23:53,34.708483406186176,23.870918693534833,0.8900459037684938,0.6252091737236698
Philadelphia,04-07-2023 03:53,-5.507406192375477,80.63408348441958,4.277269848642233,4.875002383018472
San Jose,12-03-2023 10:07,7.47790852545732,86.28397567966284,8.485918905286024,18.83932166988769
San Jose,27-04-2023 00:51,3.100982088579883,87.99827369990729,1.3232484127655897,2.1511751542703306
New York,26-05-2023 05:21,28.978148634638913,61.641995432010226,5.978324239910333,15.326571910442372
Philadelphia,25-10-2023 22:15,-3.057701819600547,67.70193255697708,4.665628152583633,11.465541808171011
Houston,08-12-2023 18:32,4.213921733456413,67.28769096763088,9.357300295614014,21.273560203210426
San Diego,12-08-2023 17:14,15.612303001545467,50.42975886329967,1.5689180121008006,27.221579201346742
New York,02-06-2023 06:45,11.062663570112587,61.0864685209902,3.138748122181748,15.320811528662944
Houston,20-07-2023 15:54,7.79810947690741,62.23501512757439,1.1522519251021635,7.083155361456326
San Antonio,07-02-2023 12:53,6.875850941144044,23.18703110609406,2.698252658035014,24.633258441404244
New York,22-07-2023 05:47,-7.031464584493865,30.778320702502235,6.723502341430803,9.050173280617084
Chicago,11-04-2023 18:05,-6.6007636777620196,85.97287972542388,5.97862408442416,16.77272477591587
New York,07-07-2023 23:51,19.381012539399016,88.24567435127538,8.056450121171773,27.09633007985876
New York,13-10-2023 10:50,33.02763057357028,82.62838167319038,9.26974010288438,23.32508944696309
San Jose,23-11-2023 12:37,39.7929073505672,38.05858399247835,2.5514684627512785,13.401391645931648
San Diego,18-09-2023 10:03,32.307004508635366,56.79162840995196,8.13347109927436,29.15048392707215
Philadelphia,09-06-2023 01:01,26.104339698768328,37.96493912589446,6.196074576397894,16.198034708602663
San Jose,28-10-2023 07:07,32.54751318648246,86.28969293798383,1.9135035164269665,23.453699626663344
New York,21-10-2023 07:21,37.32622942514587,34.588601932625814,2.2952817655171174,18.221899646064525
San Diego,24-04-2023 21:51,24.40208779397539,21.567245698680058,5.455402629125754,25.785024366679345
San Diego,02-02-2023 08:13,16.069692540580053,81.07154694760473,9.063570936259577,5.4105670748255505
Houston,26-08-2023 00:56,0.0864139330845699,73.68583325466588,4.959377702665976,2.435566423458079
Philadelphia,23-10-2023 05:48,-2.5412118999065783,22.99586293829052,1.30093185240719,10.325107059454183
New York,11-02-2023 04:50,-0.899893710463159,63.39342878834144,3.8937706536954373,20.70848174947548
Philadelphia,15-07-2023 09:03,38.57490049897059,46.85007130592893,0.30056510926361857,28.378415268128542
San Diego,07-04-2023 07:15,-1.1372949449334673,24.926150417461855,3.3041442939210164,28.550951747529883
New York,20-07-2023 18:09,23.639797310268797,22.61153674650601,8.00861243155071,28.32073362767991
San Diego,09-10-2023 03:58,-2.2993932377388475,32.16390776733993,7.82273488790291,26.51068086688674
Houston,08-01-2023 16:08,15.109251701732145,65.86072392793542,7.35513260550504,2.3439166820002857
San Diego,27-02-2023 21:16,12.068231209453604,71.62256659868325,0.4059582013000862,28.46392232123074
San Antonio,23-02-2023 06:05,38.506293096667754,58.97812192493154,8.756392012488455,3.8141426626687847
Houston,04-05-2023 19:24,29.582837097068058,31.929269333655533,5.597856404236021,27.29506103366365
Philadelphia,05-12-2023 06:52,0.35307421004205075,79.30639267692078,5.0413432660138735,19.55299001289138
Dallas,17-02-2023 00:23,38.85050552295473,73.06179371451626,4.283724243999818,27.28769449739557
San Diego,05-01-2023 15:27,12.24583010473263,56.100503968761416,4.158992195938145,0.7689352910309888
Chicago,19-12-2023 05:17,-3.384991010726165,20.73240431056817,1.6744744833699532,21.9002937141594
San Jose,15-04-2023 20:03,9.069596672119559,54.86169955315781,0.27369661381351884,16.776822681406358
Philadelphia,07-09-2023 06:48,13.381727172962108,73.77212217043163,2.364589735624879,21.54452077674194
San Jose,16-10-2023 13:02,-1.432474118452845,48.274942357104074,2.4930490623811483,24.84143506433666
San Diego,13-08-2023 04:23,9.162304551553998,44.20082940268824,2.1776333221545494,26.648074239304414
Chicago,27-06-2023 22:39,14.566318849545333,46.997640314666235,9.033725735397146,21.122314076235853
Chicago,20-07-2023 02:01,13.300708630253812,56.96906970403832,2.100717683597529,14.539033574442687
New York,16-07-2023 16:55,20.859455891355875,47.367256934458865,2.5103291342871747,24.543867733553135
Houston,05-06-2023 18:23,22.140552487201262,36.05532741583464,6.224202349393494,19.075625790672397
Chicago,17-07-2023 10:13,38.33648589830965,45.89132015499024,5.097699384371386,4.66874354396578
Dallas,25-05-2023 12:21,23.56471520913911,79.03440994518215,1.4222812759743964,19.413710776596677
Chicago,22-10-2023 23:18,-1.7858992825597237,79.26684510367852,9.155650611045328,18.803457404620328
Philadelphia,23-08-2023 18:52,35.21181597944437,82.80944622543797,1.0174992110203929,17.91578481624381
San Antonio,09-03-2023 20:07,-8.95695603940614,78.16951528591073,7.519278151754816,0.4691686507378434
San Antonio,13-11-2023 11:44,13.25700162720538,74.65081505188343,3.934735737711529,4.825152616689531
San Antonio,14-11-2023 11:29,-5.963666252664215,70.08056097941953,5.4731138098260015,21.53132194449431
Philadelphia,07-07-2023 12:30,19.62316233895056,45.331146651314846,1.0856932482094606,25.965874097434966
San Diego,25-12-2023 23:37,22.91988625471332,75.69886344660824,7.000074421046094,28.809670475196793
Chicago,21-01-2023 15:13,33.8318518845453,33.62803495110259,6.449796341954361,16.677665828514254
San Jose,07-10-2023 23:07,33.95617590072189,54.26928305355404,1.0668319627029876,21.670885903092948
Chicago,26-11-2023 22:20,24.222260262225653,34.5968423628297,5.587890397767926,28.371451973481438
New York,24-12-2023 09:07,15.911779277455654,82.25537133264999,6.295400806166397,21.67135319183744
New York,13-10-2023 21:15,21.843536941633587,76.38374900709354,2.6228670015011457,22.21922379007665
San Antonio,09-09-2023 16:18,25.11499184312664,32.225958502493214,5.7390624119679785,28.197818136512183
Dallas,01-12-2023 20:03,34.386951420674606,52.51260899122109,3.266211145902591,27.0472674435658
Chicago,28-12-2023 20:16,33.72660580328949,59.666163815205685,5.084140530392842,24.901427119447742
Dallas,27-05-2023 15:40,9.60053296833322,76.0679897625069,6.028114075851576,1.4663560664782138
New York,18-12-2023 17:01,25.720526412937453,39.07353952062988,1.776098137873665,1.2276807049759908
Philadelphia,25-07-2023 02:33,19.631399844560086,82.06874405220717,1.6398630460348806,13.663382096017873
Dallas,23-08-2023 06:33,9.303064073822355,35.70749686685209,7.5743920492589005,3.8522634427918567
Dallas,23-08-2023 00:18,0.16072285084505467,37.77483687487924,8.026639235642326,0.22907990290595648
San Jose,03-02-2023 02:24,27.15473538149387,73.29883913202084,4.517195067240076,28.622593904287417
San Antonio,26-09-2023 03:13,31.01360424909224,39.37448152571919,9.499558552652104,22.40689166866848
Dallas,22-03-2023 22:03,4.590646856157596,44.9364806627366,4.589439616749099,12.316028170842156
New York,14-12-2023 05:33,-6.878057928053652,62.01743687124287,2.961282296747103,3.5961058155095382
Chicago,21-03-2023 11:15,4.036514285759571,35.27366748662758,5.791561889365253,17.576383319192836
Dallas,15-12-2023 17:12,18.406775232262383,65.16124202669846,0.2393045101371849,10.755359135105838
Dallas,04-08-2023 12:13,3.2135321561873074,26.957339023317054,8.626511724586246,29.26667378269184
Philadelphia,16-07-2023 04:19,39.396638050022304,70.61220382040057,2.02759790410475,19.819551992203326
Houston,15-01-2024 02:33,36.761876452759346,39.94755729680857,8.11065610441979,28.93784678873552
San Antonio,09-07-2024 15:19,-2.4491601224516018,81.98820440602886,7.020222683329753,27.526646315510558
Houston,22-02-2024 00:37,11.788506326284036,34.340452833481464,4.554886642456685,13.455293413520048
San Antonio,04-09-2024 03:55,-9.830063471556457,86.04048922742466,0.20429779436457074,16.255443369508544
Dallas,26-03-2024 02:21,15.945409067289422,82.29343966665996,4.142662943537704,12.235933110600213
San Diego,01-06-2024 23:48,26.98681699626738,65.35745712852545,5.876073263671846,15.56958296678726
Houston,14-12-2024 12:55,14.73305136386265,34.3728476036666,8.178629464269743,8.178522211595924
New York,04-04-2024 07:58,31.47333244655168,26.44955730021619,7.671142896093709,23.701502690803604
Dallas,12-05-2024 15:37,0.49169378277804476,89.54148406789821,7.874331942393679,8.020230717957414
Houston,15-01-2024 12:14,2.306514053194629,29.451194779209754,6.765123914540844,23.29288554479925
Philadelphia,22-03-2024 14:13,39.451403682395025,35.60639872449242,9.852971633539138,5.470708209051383
San Jose,12-10-2024 20:23,20.55959461140102,85.57731418491522,6.680919542024095,4.654840146547209
San Jose,09-09-2024 21:31,8.356666483573104,63.52013439357513,2.3699670510117885,26.16167691072604
San Jose,05-09-2024 01:54,-7.347017790735924,39.44744741982723,2.2737945307681704,4.7469015201513445
Chicago,18-07-2024 23:21,14.010742318661066,55.60573063112649,7.709433024406164,1.8205943454904427
Philadelphia,13-06-2024 04:52,33.270658852142,40.95752871764047,3.875072487823028,13.941597801988385
Dallas,07-09-2024 19:31,31.407015128063165,56.88441886619675,3.7814113087097567,28.712811228015124
Philadelphia,12-05-2024 23:02,20.171374055841298,34.45597830836351,8.10157798237299,18.752818907961316
Chicago,22-10-2024 17:48,32.17622822904073,88.3696415841125,5.694698325451934,7.891158137290812
Chicago,26-03-2024 00:27,2.6563776151370373,57.689351174736906,6.670811893119442,16.77908374974368
Philadelphia,15-02-2024 02:07,31.958195749796623,48.68376585064473,9.523877009828908,19.256034376834524
San Diego,24-01-2024 07:07,22.43869024613774,61.45927280558463,8.723714774929428,27.229906394470355
San Antonio,26-01-2024 14:59,5.403778533384882,41.271130747166694,3.2701906590066354,22.490395522529283
San Antonio,13-03-2024 00:17,12.172354268171297,84.66402440861758,7.669691724043877,2.5044564501438424
Philadelphia,15-08-2024 14:23,6.285203013887866,59.048571634202865,4.279621673684354,13.4748958332073
San Antonio,14-02-2024 04:40,28.544560063982864,87.07452230302331,2.0975907659430435,4.9520048213037775
Dallas,07-03-2024 09:36,-4.1086840689859265,33.37803309097265,2.755723852602101,18.64770024788788
Chicago,12-02-2024 08:37,26.402466675773297,63.417466458329265,8.175215073038215,16.59644035877178
Chicago,15-06-2024 07:57,3.3536392020251586,57.115138991987884,4.356933747403176,26.22821784205183
New York,15-12-2024 12:27,9.471704470226264,39.925591961941144,3.5563192575294056,11.195263361727262
Houston,12-01-2024 07:19,8.701266570889441,51.07455452562175,3.067311257258143,17.660041911050754
San Antonio,03-09-2024 22:56,12.580734513251912,60.39721428302539,8.872968569304714,23.583570625966058
Chicago,07-04-2024 00:08,2.9742472858139664,55.998891848086615,3.178593267295052,7.941046518304473
San Antonio,13-10-2024 23:40,5.835226932936697,86.67551740591558,9.37353426689762,16.98994662434207
San Antonio,05-08-2024 10:14,8.733850341044842,52.16700563740638,1.3659665192328208,2.4039954061229327
Chicago,09-09-2024 05:31,10.47079870024588,48.85246417050108,8.879915532614048,28.23792675750067
San Jose,06-06-2024 23:36,0.9293529107964353,73.55304577913631,9.19151602430398,5.829493478148422
San Jose,20-12-2024 21:28,9.628325015848645,87.45019771843195,7.120739377557524,22.37589700452085
San Jose,22-11-2024 23:18,-1.9128261818904786,73.9949267889782,2.463052366224731,9.51048413116914
Houston,22-04-2024 09:44,16.784266341335623,39.84082032435805,8.864061598625035,19.180983243993893
New York,21-03-2024 14:07,21.30793167067049,38.5599763213894,8.648591494754937,1.5308159157355294
San Diego,16-02-2024 15:35,-3.428388135067814,87.27839773727591,0.5827905763796426,1.2355425304227607
New York,02-12-2024 23:08,3.5091204681932258,41.77867337728894,3.793221846053271,17.30248047271995
Chicago,06-05-2024 21:02,19.458388351151587,74.58748022493549,3.9960362961747786,24.005195847945405
San Diego,11-07-2024 23:26,12.244849453706518,72.13437630540152,4.8559032742296315,29.418255823815144
San Antonio,19-10-2024 19:46,-4.910958446254067,87.1135311650309,7.121568853634349,23.754121062328892
Chicago,13-01-2024 04:08,3.8567319098353465,57.31143666234505,7.218788483796179,8.260762598399548
Houston,08-07-2024 18:28,20.428123133864236,39.7814317711487,9.832694424203405,5.895649261329653
San Jose,17-06-2024 00:15,12.112398851442727,25.48899391010933,9.039325541011586,16.687182541383013
Houston,06-11-2024 22:35,28.69106838497133,59.55742810904756,3.9978302965496204,28.97681065822049
Houston,25-06-2024 07:44,32.25127980070068,37.88329670234712,1.9515359100634855,20.639889956701147
Houston,14-05-2024 12:00,0.4199651481570683,81.0128000429091,6.937463032476333,6.263429075238839
Houston,07-10-2024 05:56,16.838132125482794,28.677959010494764,3.218646283818619,25.598850133181095
Dallas,03-03-2024 03:56,19.208625105237157,50.59223943976997,5.065811059350006,3.998107726488879
Dallas,06-01-2024 17:12,12.513980211768015,26.373845659217217,2.8343254105574545,27.708002660159103
Dallas,19-11-2024 09:31,35.16291978273873,53.681557122476974,6.650460134041696,2.0602441023848117
Chicago,15-02-2024 09:04,17.862537669112015,52.918691442068194,5.4607004258203435,8.87483229697414
Dallas,20-01-2024 18:53,-7.219727118438587,33.09762279504696,9.053721189515857,18.256457490019326
Dallas,26-07-2024 19:23,25.430096242677784,71.8255526168693,0.5840324930852892,23.675250781248597
Dallas,07-08-2024 20:26,-3.3571245825108313,67.05670354517653,4.434196186020394,19.328633662675077
Chicago,19-06-2024 08:36,-4.642165218543445,25.29898281274495,9.479067620732138,3.9143323169512154
San Jose,13-10-2024 06:27,-4.5595647821311776,42.04614412988806,9.020084422602242,25.955195939886433
New York,26-10-2024 02:38,4.290531269742324,66.44354189328197,0.4351156194214556,24.25764215800352
Houston,11-02-2024 12:41,10.899973208694654,32.036416497240765,8.617915763236997,17.805147412666326
San Diego,12-05-2024 12:59,-1.2229380858386172,21.92266305611403,8.531104296561947,18.358509460697807
Dallas,26-06-2024 10:24,34.405872428220775,83.29853282091045,3.5791698831011622,15.86373789806836
Philadelphia,01-03-2024 20:26,-9.011253120192116,50.434281599409644,6.062549138955678,5.821123380513185
Philadelphia,04-10-2024 04:51,9.861832937176736,87.15281682906637,5.976385976184152,4.582448867171927
Chicago,06-01-2024 09:09,31.903386526638243,37.16076375500923,6.505386189583396,11.155676867955028
Houston,22-04-2024 08:57,14.052415463830535,52.043810119512,9.92218934024364,29.034603513404498
San Antonio,12-12-2024 08:50,-0.7498337002590478,80.27788911887913,6.713515607781058,29.620802843219217
Houston,11-02-2024 06:40,33.45533497455951,73.57200762015722,2.4256072234372805,24.734612375907336
San Jose,19-04-2024 02:31,13.770873981384185,39.98537877255784,9.944263960847836,28.783291650115896
New York,19-04-2024 17:14,15.544396275345449,21.682970545932317,9.901811328128051,19.52822837102063
San Antonio,02-12-2024 08:54,38.30784904024364,64.35430864088292,2.156380216253573,20.77205227231918
San Diego,24-01-2024 06:47,21.377440938530544,58.62158554150315,2.8578397413273446,5.763761816589497
San Diego,09-11-2024 12:55,-5.5768603963317585,77.65679904446196,6.332333542137134,26.99090970010566
Dallas,21-04-2024 06:44,-4.908991054207875,63.56476505150379,0.3593532599156801,14.10931237265549
Dallas,18-08-2024 20:11,31.966781574930387,49.99248198439156,8.05640942200293,12.32427187538206
Dallas,15-02-2024 21:06,16.776360287984435,65.47802981870906,5.500258728280261,21.384738890504877
San Antonio,11-02-2024 07:19,-0.5417046653486537,43.51647551907376,0.24523490854020946,19.240977004591706
Dallas,23-07-2024 03:12,33.18658767064491,63.15283590773819,4.061134353994803,2.7303107850027155
Philadelphia,02-01-2024 10:54,10.70295749489232,59.048689142040246,5.49284883275751,26.221494738213124
Chicago,13-02-2024 05:00,27.013804242974615,37.07255370217054,6.555660436582648,14.137774709186164
New York,21-05-2024 15:08,-9.946567913892137,86.75750086644922,4.214201931412044,8.142202719413385
San Antonio,05-01-2024 21:14,21.918661295281737,75.23664863769588,0.07411151747259037,14.710309577467063
Chicago,09-07-2024 21:48,21.984808360779265,34.741542835682125,6.9391018317900794,15.28024497264251
Houston,19-12-2024 07:04,38.648613663976164,74.86625307130721,5.3426436029918225,9.885787552171728
San Antonio,10-10-2024 05:20,3.099270021972192,65.01923435545163,1.7362817956420584,10.521783857369117
Houston,04-09-2024 04:30,-6.271677262241062,52.64448807549892,1.9261740265726035,5.27551644732066
San Diego,23-12-2024 05:15,-5.000497474616269,64.83263365803246,5.461803240936619,17.639822650262158
Dallas,28-10-2024 07:13,0.862374438038918,58.03771425600453,1.347621366764904,1.2057325392478646
Dallas,19-04-2024 20:13,26.312564494829232,88.16372329050716,5.0593618646937,7.352970654409256
Philadelphia,19-06-2024 08:46,14.228908609930976,77.30713218903183,6.114583409846076,22.068647899449623
San Jose,01-10-2024 20:53,33.66182925590225,40.237288029316176,8.471946984454231,9.599484504279989
Dallas,05-10-2024 08:24,4.963976329932709,56.03042665840649,2.7210109187410945,0.04493569752234583
Philadelphia,04-02-2024 06:34,19.374642554588064,51.34176511402346,2.6274530215297442,13.689191553902148
Dallas,20-01-2024 13:07,15.885956310378148,89.35669467403338,5.331129629609429,12.674223413302181
Dallas,28-11-2024 08:51,7.319531801104009,70.52893958511137,9.763283658269113,4.362655914325116
San Diego,28-01-2024 13:14,30.226583125266913,66.25413871831408,4.178645228634541,3.1544727192793065
